Map_Type,Wrapper_Addr,Map_Data_Addr,Target_RAM_Var,Potential_DTC_Func
2D,0003BFA0,000A85F8,FFFF2846,FUN_00082a22
2D,00067768,000A6154,FFFF9160,FUN_00069720
2D,00079880,000A8810,FFFF78AC,FUN_000320a0
2D,0004C8CA,000A824C,FFFF4C4F,FUN_00024bac
2D,0004C8D4,000A5154,FFFF4C4F,FUN_00024bac
2D,0004C972,000A5238,FFFF4C4F,FUN_00024bac
2D,0004C992,000A51C0,FFFF4C4F,FUN_00024bac
2D,00059910,000A8948,FFFF4D48,FUN_0002d2b0
2D,0007AA14,000A5F20,FFFFA568,FUN_00080a38
2D,0006998A,000A3E98,FFFF4FC8,FUN_000868c0
2D,0007DAD6,000A2558,FFFFA794,FUN_0007ce30
2D,0003A9A2,000A9410,FFFF4DC0,FUN_00040c18
2D,000749DA,000A48C0,FFFF4CF8,FUN_0003f982
2D,000749E6,000A48D4,FFFF4CF8,FUN_0003f982
2D,000569B2,000A2C10,FFFF4CF8,FUN_0003f982
2D,00038990,000A9094,FFFF4CF8,FUN_0003f982
2D,000569BC,000A2C38,FFFF4CF8,FUN_0003f982
2D,000569C6,000A2C60,FFFF4CF8,FUN_0003f982
2D,000469C4,000A8A88,FFFF7C74,FUN_00045004
2D,000329D0,000A7544,FFFF4D48,FUN_0002d2b0
2D,000849F2,000A3808,FFFF4DC0,FUN_00040c18
2D,000469EC,000A8B34,FFFF7C78,FUN_00045004
2D,00055A4A,000A295C,FFFF4CF8,FUN_0003f982
2D,00055A54,000A2984,FFFF4CF8,FUN_0003f982
2D,00055A5E,000A29AC,FFFF4CF8,FUN_0003f982
2D,00068A7E,000A503C,FFFF85A4,FUN_000568b4
2D,00068A8A,000A500C,FFFF85A4,FUN_000568b4
2D,00080A70,000A2618,FFFFA74C,FUN_0007cfde
2D,00080A7E,000A40D0,FFFFA74C,FUN_0007cfde
2D,00036A60,000A7244,FFFF4CF8,FUN_0003f982
2D,00081A94,000A65C4,FFFF4D98,FUN_0003ee0a
2D,00039B6E,000A690C,FFFF6B80,FUN_0003bc14
2D,00039B7A,000A6960,FFFF6B80,FUN_0003bc14
2D,0007ABB0,000A5EAC,FFFFA578,FUN_0007c8a8
2D,00021B52,000A3BB0,FFFF3DEC,FUN_00021f58
2D,00032B44,000A7660,FFFF4D48,FUN_0002d2b0
2D,00056B46,000A2C88,FFFF4CF8,FUN_0003f982
2D,00056B50,000A2CB0,FFFF4CF8,FUN_0003f982
2D,00056B5A,000A2CD8,FFFF4CF8,FUN_0003f982
2D,00080B82,000A4C14,FFFF4DC0,FUN_00040c18
2D,00069B9A,000A547C,FFFF8350,FUN_000064f8
2D,00046B8E,000A5714,FFFF9124,FUN_00047b84
2D,0002DBA0,000A9B5C,FFFF669C,FUN_0004f2d2
2D,00084BA2,000A3FD0,FFFF7F80,FUN_00039ae4
2D,00084BAE,000A3F90,FFFF7F80,FUN_00039ae4
2D,0007DBA4,000A3AC0,FFFFB75C,FUN_0007cfc0
2D,00080BE6,000A6448,FFFF4C60,FUN_000508a2
2D,00037BE2,000A8CB4,FFFF4CF8,FUN_0003f982
2D,00084C32,000A2E88,FFFFBA64,FUN_00084dd0
2D,00084CB6,000A2EAC,FFFFBA64,FUN_00084dd0
2D,00069C0A,000A3DB0,FFFF8470,FUN_000868c0
2D,00069C14,000A3E38,FFFF8470,FUN_000868c0
2D,00069C1E,000A3DF4,FFFF8470,FUN_000868c0
2D,00044C2C,000A8764,FFFF6464,FUN_00080dc8
2D,00081C5C,000A6248,FFFFB840,FUN_00025650
2D,0002ECE2,000A6EE8,FFFF8330,FUN_0002edb4
2D,0002ECEC,000A6F38,FFFF8330,FUN_0002edb4
2D,0002ED0C,000A6E98,FFFF8330,FUN_0002edb4
2D,00055CE8,000A8118,FFFF86A4,FUN_00056540
2D,0007DD82,000A3A9C,FFFFA88C,FUN_00049478
2D,00036CCC,000A729C,FFFF4DC0,FUN_00040c18
2D,00046D1A,000A5730,FFFF9124,FUN_00046b70
2D,00036D24,000A72F4,FFFF4CF8,FUN_0003f982
2D,00082D82,000A388C,FFFF6778,FUN_00037330
2D,00082DC0,000A38CC,FFFF6778,FUN_00037330
2D,00054D6A,000A4790,FFFF85A4,FUN_000568b4
2D,00054D76,000A4760,FFFF85A4,FUN_000568b4
2D,00086DA4,000A82E4,FFFF64E0,FUN_000334f6
2D,00036D5C,000A734C,FFFF4CF8,FUN_0003f982
2D,00086DD2,000A83AC,FFFF64E0,FUN_000334f6
2D,00033E56,000A6D9C,FFFF4D48,FUN_0002d2b0
2D,000330A6,000A6704,FFFF4C04,FUN_00086d2c
2D,000330AE,000A677C,FFFF4C04,FUN_00086d2c
2D,000330B6,000A67F4,FFFF4C04,FUN_00086d2c
2D,0003312E,000A685C,FFFF4C04,FUN_00086d2c
2D,00080DA0,000A7180,FFFF9128,FUN_0005a30c
2D,0002EDF8,000A47C8,FFFF4DE8,FUN_00079830
2D,0002EE18,000A4804,FFFF4DE8,FUN_00079830
2D,0002EE22,000A4840,FFFF4DE8,FUN_00079830
2D,0002EF38,000A6FD8,FFFF4DE8,FUN_00079830
2D,0002EF48,000A6F88,FFFF4DE8,FUN_00079830
2D,00036E10,000A8900,FFFF9128,FUN_0005a30c
2D,0002F044,000A7028,FFFF4DE8,FUN_00079830
2D,00055DE8,000A4F64,FFFF4F58,FUN_00055ae8
2D,00055DFA,000A4F24,FFFF4F58,FUN_00055ae8
2D,00053E60,000A50C0,FFFF4F58,FUN_00055ae8
2D,0007DF10,000A73A0,FFFFA6C4,FUN_0007dbe8
2D,0007DF32,000A73F0,FFFFA6C4,FUN_0007dbe8
2D,0007DF7C,000A7474,FFFFA6C4,FUN_0007dbe8
2D,0003FE94,000A285C,FFFF7768,FUN_00044a70
2D,00039F2C,000A90DC,FFFF4DE8,FUN_00079830
2D,00039FA4,000A9218,FFFF4DE8,FUN_00079830
2D,00039FC6,000A9258,FFFF4DE8,FUN_00079830
2D,00046ECE,000A573C,FFFF9124,FUN_00046b70
2D,0003BEE4,000A97D8,FFFF4DE8,FUN_00079830
2D,0003BEFE,000A9828,FFFF4DE8,FUN_00079830
2D,00042F2C,000A79DC,FFFF4DC0,FUN_00040c18
2D,0007AEE8,000A5EE8,FFFF4C80,FUN_0002b410
2D,00043F2E,000A4EB8,FFFF9124,FUN_00046b70
2D,00035F84,000A3CF0,FFFF4CF8,FUN_0003f982
2D,00035FD8,000A3D34,FFFF4CF8,FUN_0003f982
2D,00035FF6,000A259C,FFFF4CF8,FUN_0003f982
2D,00037FB6,000A8DE4,FFFF669C,FUN_0004f2d2
2D,000380A4,000A8D8C,FFFF669C,FUN_0004f2d2
2D,0007D040,000A24F8,FFFFB75C,FUN_0007cfc0
2D,0007D064,000A249C,FFFFB75C,FUN_0007cfc0
2D,00053034,000A404C,FFFF85A4,FUN_000568b4
2D,0005304E,000A4090,FFFF85A4,FUN_000568b4
2D,0007D07C,000A245C,FFFFB75C,FUN_0007cfc0
2D,0007D0A2,000A3B24,FFFFB75C,FUN_0007cfc0
2D,000440BE,000A4ED4,FFFF9124,FUN_00046b70
2D,0003B2B4,000A9550,FFFF4CF8,FUN_0003f982
2D,0003B2BE,000A95F0,FFFF4CF8,FUN_0003f982
2D,0003B2C8,000A59C0,FFFF4CF8,FUN_0003f982
2D,0003B2D2,000A59FC,FFFF4CF8,FUN_0003f982
2D,000470F8,000A9AB4,FFFF7FE9,FUN_0005b00a
2D,00047104,000A9AEC,FFFF7FE9,FUN_0005b00a
2D,000420EC,000A7854,FFFF78C8,FUN_000383fc
2D,000560FA,000A29D4,FFFF4CF8,FUN_0003f982
2D,00056104,000A29FC,FFFF4CF8,FUN_0003f982
2D,0005610E,000A2A24,FFFF4CF8,FUN_0003f982
2D,00048174,000A5FF8,FFFF4CF8,FUN_0003f982
2D,0004817E,000A6098,FFFF4CF8,FUN_0003f982
2D,00048208,000A6048,FFFF4CF8,FUN_0003f982
2D,00081194,000A7584,FFFF69D8,FUN_00039e9c
2D,0003A184,000A91A0,FFFF78BC,FUN_0003a962
2D,00055182,000A2A4C,FFFF4CF8,FUN_0003f982
2D,0005518C,000A2A74,FFFF4CF8,FUN_0003f982
2D,00055196,000A2A9C,FFFF4CF8,FUN_0003f982
2D,000581B4,000A6520,FFFF4244,FUN_00076b98
2D,000581C0,000A6550,FFFF4244,FUN_00076b98
2D,000451E8,000A81E0,FFFF7B50,FUN_0004049c
2D,0003A246,000A9170,FFFF4DE8,FUN_00079830
2D,00075208,000A70AC,FFFF4DE8,FUN_00079830
2D,0004424E,000A4EE0,FFFF9124,FUN_00046b70
2D,00046300,000A89DC,FFFF4DC0,FUN_00040c18
2D,000252CC,000A5CC4,FFFF4220,FUN_0004f2d2
2D,000252D6,000A5D1C,FFFF4220,FUN_0004f2d2
2D,000252E0,000A5D74,FFFF4220,FUN_0004f2d2
2D,000252EA,000A5DCC,FFFF4220,FUN_0004f2d2
2D,000552DA,000A2780,FFFF4CF8,FUN_0003f982
2D,000552E4,000A27A8,FFFF4CF8,FUN_0003f982
2D,000552EE,000A27D0,FFFF4CF8,FUN_0003f982
2D,0007E3CE,000A9898,FFFFA6C4,FUN_0007dbe8
2D,0002E390,000A6CDC,FFFF78AC,FUN_000320a0
2D,0002B3B0,000A6308,FFFF4C0C,FUN_00025650
2D,0002B3DC,000A63C8,FFFF4C10,FUN_00025650
2D,000463D6,000A8A18,FFFF92E0,FUN_00047d6c
2D,0004A440,000A64B8,FFFF7EA8,FUN_00049bb0
2D,000434AA,000A2F94,FFFF669C,FUN_0004f2d2
2D,000434FA,000A31C4,FFFF669C,FUN_0004f2d2
2D,000434BE,000A3020,FFFF669C,FUN_0004f2d2
2D,000434D0,000A30AC,FFFF669C,FUN_0004f2d2
2D,000434E2,000A3138,FFFF669C,FUN_0004f2d2
2D,000494E0,000A4874,FFFF7DD0,FUN_000490f0
2D,000494FE,000A485C,FFFF7DD0,FUN_000490f0
2D,0004950A,000A4868,FFFF7DD0,FUN_000490f0
2D,000497E8,000A48A0,FFFF7DD0,FUN_000490f0
2D,0003A502,000A9110,FFFF78BC,FUN_0003a962
2D,0003A51E,000A9140,FFFF78BC,FUN_0003a962
2D,000564B8,000A27F8,FFFF4FA8,FUN_0007bd46
2D,000554CE,000A2894,FFFF4CF8,FUN_0003f982
2D,000554D8,000A28BC,FFFF4CF8,FUN_0003f982
2D,000554E2,000A28E4,FFFF4CF8,FUN_0003f982
2D,00024504,000A52C0,FFFF4CF8,FUN_0003f982
2D,00032502,000A74FC,FFFF77C8,FUN_00044fd4
2D,0004B4FC,000A3A54,FFFF7F94,FUN_0004b516
2D,0004B508,000A39C8,FFFF7F94,FUN_0004b516
2D,0007E5D0,000A5E20,FFFFA6C4,FUN_0007dbe8
2D,0007E5F2,000A5E70,FFFFA6C4,FUN_0007dbe8
2D,00067606,000A8888,FFFF9130,FUN_00067490
2D,0003A644,000A3794,FFFF4DC0,FUN_00040c18
2D,0003A664,000A590C,FFFF4DC0,FUN_00040c18
2D,0003A684,000A5948,FFFF4DC0,FUN_00040c18
2D,0003A6B0,000A9398,FFFF4DC0,FUN_00040c18
2D,0003A6D0,000A9348,FFFF4DC0,FUN_00040c18
2D,0003A76C,000A9300,FFFF4DC0,FUN_00040c18
2D,0003A798,000A92C0,FFFF4DC0,FUN_00040c18
2D,0003A920,000A928C,FFFF4DC0,FUN_00040c18
2D,0004C628,000A53CC,FFFF4CF8,FUN_0003f982
2D,00057672,000A5F60,FFFF4DE8,FUN_00079830
2D,0005767E,000A5FB0,FFFF4DE8,FUN_00079830
2D,0007A68C,000A2E5C,FFFF4DE8,FUN_00079830
2D,0003B674,000A5A38,FFFF6A9C,FUN_0003aec4
2D,0003B690,000A9668,FFFF6A9C,FUN_0003aec4
2D,0004369E,000A7A64,FFFF8218,FUN_00050320
2D,000566C6,000A2B98,FFFF4CF8,FUN_0003f982
2D,000566D0,000A2BC0,FFFF4CF8,FUN_0003f982
2D,000566DA,000A2BE8,FFFF4CF8,FUN_0003f982
2D,0003B804,000A5A6C,FFFF4CF8,FUN_0003f982
2D,0003B824,000A37CC,FFFF4CF8,FUN_0003f982
2D,0003B844,000A5AA4,FFFF4CF8,FUN_0003f982
2D,0003B87C,000A9788,FFFF4CF8,FUN_0003f982
2D,0003B89C,000A96F0,FFFF4CF8,FUN_0003f982
2D,0003B8BC,000A96B0,FFFF4CF8,FUN_0003f982
2D,0003B8FC,000A9738,FFFF4CF8,FUN_0003f982
2D,0007A718,000A393C,FFFF78AC,FUN_000320a0
2D,00057706,000A3D70,FFFF4E28,FUN_00083d50
2D,000227B6,000A2E20,FFFF3DEC,FUN_00021f58
2D,00053718,000A4AD8,FFFF8354,FUN_000539d8
2D,00081868,000A9BEC,FFFFA568,FUN_0007a918
2D,00081870,000A9BC4,FFFFA568,FUN_0007a918
2D,00081884,000A9B9C,FFFFA568,FUN_0007a918
2D,0002D7B8,000A5B6C,FFFF4CF8,FUN_0003f982
2D,0002D7C4,000A5B28,FFFF4CF8,FUN_0003f982
2D,00084896,000A3844,FFFF4DC0,FUN_00040c18
2D,000487EC,000A69D8,FFFF4CF8,FUN_0003f982
2D,000487F8,000A6A78,FFFF4CF8,FUN_0003f982
2D,000547D0,000A5BA4,FFFF78AC,FUN_000320a0
2D,000547DC,000A5BD4,FFFF78AC,FUN_000320a0
2D,000867A0,000A23CC,FFFF4CF8,FUN_0003f982
2D,000867AC,000A2430,FFFF4CF8,FUN_0003f982
2D,00056812,000A2D00,FFFF4CF8,FUN_0003f982
2D,0005681C,000A2D28,FFFF4CF8,FUN_0003f982
2D,00056826,000A2D50,FFFF4CF8,FUN_0003f982
2D,0002E910,000A664C,FFFF522C,FUN_0002edb4
2D,0002E91C,000A66A0,FFFF522C,FUN_0002edb4
2D,00032C20,000A77B8,FFFF6460,FUN_00032b6c
2D,0007D85C,000A3B84,FFFFB018,FUN_0007d678
2D,0006E470,000A5534,FFFF78AC,FUN_000320a0
2D,0004703C,000A8EE8,FFFF41E4,FUN_00075128
2D,0006E490,000A55AC,FFFF78AC,FUN_000320a0
2D,0006E4B0,000A5570,FFFF78AC,FUN_000320a0
2D,00047068,000A8F68,FFFF7788,FUN_00032be0
2D,00047098,000A8FE8,FFFF7CE0,FUN_00046ffc
2D,00044D30,000A87BC,FFFF4CF8,FUN_0003f982
2D,00043904,000A4E40,FFFF78AC,FUN_000320a0
2D,00043924,000A4E7C,FFFF78AC,FUN_000320a0
2D,00043944,000A4E04,FFFF78AC,FUN_000320a0
2D,00046570,000A569C,FFFF78AC,FUN_000320a0
2D,00046590,000A56D8,FFFF78AC,FUN_000320a0
2D,000465B0,000A5660,FFFF78AC,FUN_000320a0
2D,0003E380,000A6D60,FFFF4254,FUN_00083014
2D,0004468E,000A4FD8,FFFF78AC,FUN_000320a0
2D,000446AE,000A4F9C,FFFF78AC,FUN_000320a0
2D,000446EE,000A8180,FFFF78AC,FUN_000320a0
2D,00041AA0,000A4CE0,FFFF78AC,FUN_000320a0
2D,00041AC4,000A4D1C,FFFF78AC,FUN_000320a0
2D,0003EF38,000A4B50,FFFF74D4,FUN_0005a984
2D,0003EF44,000A4BA4,FFFF74D4,FUN_0005a984
2D,00045EEE,000A5624,FFFF78AC,FUN_000320a0
2D,00045F0E,000A55E8,FFFF78AC,FUN_000320a0
2D,00045F4C,000A8990,FFFF78AC,FUN_000320a0
2D,00044B5E,000A86E4,FFFF67E0,FUN_00037d70
2D,00044B86,000A8724,FFFF67E0,FUN_00037d70
2D,0004539C,000A54BC,FFFF78AC,FUN_000320a0
2D,000453C0,000A54F8,FFFF78AC,FUN_000320a0
2D,00032BB4,000A76B8,FFFF41E4,FUN_00075128
2D,00032BE8,000A7738,FFFF7788,FUN_00047060
2D,0003C210,000A3EF4,FFFF6BA0,FUN_00058d90
2D,0003C21C,000A3F48,FFFF6BA0,FUN_00058d90
2D,0003F276,000A6C24,FFFF4CF8,FUN_0003f982
2D,0003F280,000A6C7C,FFFF4CF8,FUN_0003f982
2D,0003F208,000A40F8,FFFF4CF8,FUN_0003f982
2D,00038272,000A8E7C,FFFF4C30,FUN_00037330
2D,000382E8,000A2D60,FFFF4C30,FUN_00037330
2D,0003F558,000A4340,FFFF4CF8,FUN_0003f982
2D,0003F8A0,000A6AE0,FFFF4CF8,FUN_0003f982
2D,0003F8AC,000A4428,FFFF4CF8,FUN_0003f982
2D,0003F7F0,000A6B74,FFFF4CF8,FUN_0003f982
2D,0003F7FA,000A6BCC,FFFF4CF8,FUN_0003f982
2D,0003F56C,000A43DC,FFFF4CF8,FUN_0003f982
2D,0003F594,000A2630,FFFF4CF8,FUN_0003f982
2D,0003AF52,000A9488,FFFF675C,FUN_0003ae8c
2D,0003AF5E,000A94D8,FFFF675C,FUN_0003ae8c
2D,0005967A,000A78D4,FFFF8A7C,FUN_00057e60
2D,00033750,000A7C20,FFFF641C,FUN_0002c0c8
2D,0003375A,000A7C70,FFFF641C,FUN_0002c0c8
2D,00033788,000A7ACC,FFFF641C,FUN_0002c0c8
2D,00033792,000A7B44,FFFF641C,FUN_0002c0c8
2D,0003379C,000A7BBC,FFFF641C,FUN_0002c0c8
2D,00033816,000A804C,FFFF641C,FUN_0002c0c8
2D,000339A0,000A7F08,FFFF641C,FUN_0002c0c8
2D,00033A76,000A7DC4,FFFF641C,FUN_0002c0c8
2D,00033A80,000A7E3C,FFFF641C,FUN_0002c0c8
2D,00033B68,000A7F5C,FFFF641C,FUN_0002c0c8
2D,00033B7A,000A7FD4,FFFF641C,FUN_0002c0c8
2D,00033A1E,000A7CD4,FFFF641C,FUN_0002c0c8
2D,00033A28,000A7D4C,FFFF641C,FUN_0002c0c8
2D,000338CA,000A7EB4,FFFF641C,FUN_0002c0c8
3D,0004F0A0,000C37C8,FFFF51A0,FUN_00071232
3D,00050964,000C3C0C,FFFF62DB,FUN_000729a8
3D,00079856,000E33F4,FFFF78AC,FUN_000320a0
3D,00079874,000BA478,FFFF78AC,FUN_000320a0
3D,00043864,000D9C0C,FFFF4CF8,FUN_0003f982
3D,000568E2,000BB8A8,FFFF85A4,FUN_0005596c
3D,000568F4,000BBBDC,FFFF85A4,FUN_0005596c
3D,00056908,000BBF10,FFFF85A4,FUN_0005596c
3D,0004190C,000D2794,FFFF41E4,FUN_00075128
3D,00079916,000B9754,FFFF3DEC,FUN_00021f58
3D,00044976,000AB00C,FFFFA5DC,FUN_00035f0e
3D,00044984,000DF858,FFFFA5DC,FUN_00035f0e
3D,0007D9DC,000C3EE4,FFFFA794,FUN_0007ce30
3D,0007D9E8,000C3DCC,FFFFA794,FUN_0007ce30
3D,0007D9F2,000A9CD0,FFFFA794,FUN_0007ce30
3D,00055994,000B62AC,FFFF85A4,FUN_000568b4
3D,000559A0,000B65E0,FFFF85A4,FUN_000568b4
3D,000559AC,000B6914,FFFF85A4,FUN_000568b4
3D,000559B8,000B6C48,FFFF85A4,FUN_000568b4
3D,000559C4,000B6F7C,FFFF85A4,FUN_000568b4
3D,0003A980,000F830C,FFFF4DC0,FUN_00040c18
3D,0003A990,000F86A4,FFFF4DC0,FUN_00040c18
3D,00052998,000F7388,FFFF677C,FUN_0004f06c
3D,000449C4,000F7018,FFFF4CF8,FUN_0003f982
3D,00032A3A,000D24E8,FFFF4D48,FUN_0002d2b0
3D,00054A10,000CBD70,FFFF4F58,FUN_00055ae8
3D,00043A1C,000DAD7C,FFFF4CF8,FUN_0003f982
3D,00056A76,000BC578,FFFF85A4,FUN_000568b4
3D,00056A88,000BC8AC,FFFF85A4,FUN_000568b4
3D,00056A9C,000BCBE0,FFFF85A4,FUN_000568b4
3D,00044A50,000E0398,FFFF78AC,FUN_000320a0
3D,00044AC6,000B88EC,FFFF77A0,FUN_00044ae8
3D,0007CB0E,000AA538,FFFFA6B0,FUN_0007c958
3D,00039B60,000C482C,FFFF6B80,FUN_0003bc14
3D,00055B3C,000AA830,FFFF4F58,FUN_00055ae8
3D,00055B4A,000AAA14,FFFF4F58,FUN_00055ae8
3D,00032B10,000D25B8,FFFF4CF8,FUN_0003f982
3D,00080B60,000D0FE0,FFFF4DC0,FUN_00040c18
3D,00080B6E,000D1668,FFFF4DC0,FUN_00040c18
3D,00036B7C,000CBE04,FFFF8218,FUN_00050320
3D,00046B82,000EB134,FFFF9124,FUN_00047b84
3D,00041BC4,000D365C,FFFF4CF8,FUN_0003f982
3D,00037BFA,000EDB18,FFFF4CF8,FUN_0003f982
3D,0007CC0E,000AB12C,FFFF78AC,FUN_000320a0
3D,00041C26,000D39E4,FFFF4DE8,FUN_00079830
3D,0003BE3A,000F0E94,FFFF6B64,FUN_0003a1c0
3D,0003BE46,000F0EAC,FFFF6B64,FUN_0003a1c0
3D,0003BE06,000F0E64,FFFF6B64,FUN_0003a1c0
3D,00054C68,000D1C58,FFFF78AC,FUN_000320a0
3D,0007CC58,000AB084,FFFF4D20,FUN_0007bd46
3D,0002ECD8,000C8424,FFFF8330,FUN_0002edb4
3D,0002ECF8,000C88AC,FFFF8330,FUN_0002edb4
3D,0002ED18,000C8794,FFFF8330,FUN_0002edb4
3D,0007DCA4,000C210C,FFFFA894,FUN_0007dcd4
3D,0007DCB4,000C1EC4,FFFFA894,FUN_0007dcd4
3D,00055CF6,000AABF8,FFFF86A4,FUN_00056540
3D,0007DD40,000C21AC,FFFFA88C,FUN_00049478
3D,0007DD50,000C1FF4,FFFFA88C,FUN_00049478
3D,00046D0E,000EB17C,FFFF9124,FUN_00046b70
3D,0002EE06,000C9094,FFFF4DE8,FUN_00079830
3D,0002EE30,000C91AC,FFFF4DE8,FUN_00079830
3D,00055E08,000AADDC,FFFF4F58,FUN_00055ae8
3D,00042E80,000B3FC8,FFFF4CF8,FUN_0003f982
3D,0007DEF2,000CE1C0,FFFFA6C4,FUN_0007dbe8
3D,0007DF1C,000CDB38,FFFFA6C4,FUN_0007dbe8
3D,0007DF3E,000B1250,FFFFA6C4,FUN_0007dbe8
3D,00055ED8,000AAF64,FFFF4FA8,FUN_0007bd46
3D,00055EE6,000AAFCC,FFFF4FA8,FUN_0007bd46
3D,00035ED4,000CBE88,FFFF4CF8,FUN_0003f982
3D,00039F8E,000BE2F0,FFFF4DE8,FUN_00079830
3D,00039F9A,000BE408,FFFF4DE8,FUN_00079830
3D,00039FB0,000BE520,FFFF4DE8,FUN_00079830
3D,00039FBC,000BE638,FFFF4DE8,FUN_00079830
3D,00046EC2,000EB1C4,FFFF9124,FUN_00046b70
3D,00067FF2,000C48E4,FFFF8330,FUN_0002ec98
3D,00042F3C,000F6A30,FFFF4DC0,FUN_00040c18
3D,00042F70,000D907C,FFFF4DC0,FUN_00040c18
3D,00042FA0,000D8D6C,FFFF4DC0,FUN_00040c18
3D,00042FAC,000D9204,FFFF4DC0,FUN_00040c18
3D,00043038,000F6D84,FFFF4DC0,FUN_00040c18
3D,00042F8E,000D8EF4,FFFF4DC0,FUN_00040c18
3D,00046F28,000BE140,FFFF4CF8,FUN_0003f982
3D,00043F22,000DC438,FFFF9124,FUN_00046b70
3D,00035F7A,000C42B8,FFFF4CF8,FUN_0003f982
3D,00035FA6,000AE520,FFFF4CF8,FUN_0003f982
3D,00036002,000C4534,FFFF4CF8,FUN_0003f982
3D,00046F6E,000EEFF0,FFFF9128,FUN_0005a30c
3D,00046F7C,000EF3DC,FFFF9128,FUN_0005a30c
3D,00044FE4,000BA694,FFFF77C8,FUN_000324c4
3D,00052FFA,000C4CE4,FFFF85A4,FUN_000568b4
3D,00053016,000C4DA4,FFFF85A4,FUN_000568b4
3D,0005602A,000B7C78,FFFF85A4,FUN_000568b4
3D,0005603C,000B7FAC,FFFF85A4,FUN_000568b4
3D,00056050,000B82E0,FFFF85A4,FUN_000568b4
3D,000440B2,000DC480,FFFF9124,FUN_00046b70
3D,0004818C,000C32AC,FFFF4CF8,FUN_0003f982
3D,000481B0,000AD838,FFFF4CF8,FUN_0003f982
3D,000481CC,000ADBF8,FFFF4CF8,FUN_0003f982
3D,0003A192,000EF88C,FFFF78BC,FUN_0003a962
3D,00055208,000B3638,FFFF85A4,FUN_000568b4
3D,0005521A,000B396C,FFFF85A4,FUN_000568b4
3D,0005522E,000B3CA0,FFFF85A4,FUN_000568b4
3D,000461FE,000E91C0,FFFFA5DC,FUN_00044950
3D,0004620C,000E9074,FFFFA5DC,FUN_00044950
3D,000561F8,000DF9E0,FFFF7AF8,FUN_00055526
3D,0005620A,000DFD14,FFFF7AF8,FUN_00055526
3D,0005621E,000E0048,FFFF7AF8,FUN_00055526
3D,0003A256,000EF774,FFFF4DE8,FUN_00079830
3D,00044242,000DC4C8,FFFF9124,FUN_00046b70
3D,00046280,000E9358,FFFF4DC0,FUN_00040c18
3D,000462AA,000E9744,FFFF4DC0,FUN_00040c18
3D,000462D4,000E9B30,FFFF4DC0,FUN_00040c18
3D,000462F6,000E9F1C,FFFF4DC0,FUN_00040c18
3D,00056364,000B8DE8,FFFF7AF4,FUN_00041db6
3D,00056376,000B911C,FFFF7AF4,FUN_00041db6
3D,0005638A,000B9450,FFFF7AF4,FUN_00041db6
3D,000543B4,000E14B4,FFFF84B4,FUN_00054284
3D,0003A404,000F7D44,FFFF78BC,FUN_0003a962
3D,000553FC,000B4F24,FFFF85A4,FUN_000568b4
3D,0005540E,000B5258,FFFF85A4,FUN_000568b4
3D,00055422,000B558C,FFFF85A4,FUN_000568b4
3D,0003842A,000E0800,FFFF677C,FUN_0004f06c
3D,0003843A,000E0C1C,FFFF677C,FUN_0004f06c
3D,00054440,000EB20C,FFFF8354,FUN_000539d8
3D,00046454,000EA28C,FFFF4CF8,FUN_0003f982
3D,000494EE,000AFDD8,FFFF7DD0,FUN_000490f0
3D,00049516,000AFDC0,FFFF7DD0,FUN_000490f0
3D,000497F4,000CB924,FFFF7DD0,FUN_000490f0
3D,000497CC,000CB584,FFFF7DD0,FUN_000490f0
3D,0003A510,000F7B64,FFFF78BC,FUN_0003a962
3D,00058486,000C4688,FFFF669C,FUN_0004f2d2
3D,000564C6,000AA5DC,FFFF4FA8,FUN_0007bd46
3D,000454E8,000E462C,FFFF4CF8,FUN_0003f982
3D,000324EA,000B25F4,FFFF77C8,FUN_00044fd4
3D,000464D0,000EA2BC,FFFF4CF8,FUN_0003f982
3D,0003857C,000EEAA0,FFFF4E10,FUN_0004b008
3D,0003859A,000EED50,FFFF4E10,FUN_0004b008
3D,000385CE,000E146C,FFFF4E10,FUN_0004b008
3D,0007E5DE,000AC6A8,FFFFA6C4,FUN_0007dbe8
3D,0007E5FE,000C1238,FFFFA6C4,FUN_0007dbe8
3D,0007E614,000C18C0,FFFFA6C4,FUN_0007dbe8
3D,0003A638,000EF9EC,FFFF4DC0,FUN_00040c18
3D,0003A650,000EFD0C,FFFF4DC0,FUN_00040c18
3D,0003A670,000EFE24,FFFF4DC0,FUN_00040c18
3D,0003A690,000BE750,FFFF4DC0,FUN_00040c18
3D,0003A6A6,000EFF8C,FFFF4DC0,FUN_00040c18
3D,0003A6BC,000BEA98,FFFF4DC0,FUN_00040c18
3D,0003A6DC,000F8104,FFFF4DC0,FUN_00040c18
3D,0003A778,000F7F24,FFFF4DC0,FUN_00040c18
3D,0003A78E,000BE868,FFFF4DC0,FUN_00040c18
3D,0003A7A4,000BE980,FFFF4DC0,FUN_00040c18
3D,000565F6,000BABD8,FFFF85A4,FUN_000568b4
3D,00056608,000BAF0C,FFFF85A4,FUN_000568b4
3D,0005661C,000BB240,FFFF85A4,FUN_000568b4
3D,00057666,000C225C,FFFF4DE8,FUN_00079830
3D,0002468E,000E157C,FFFF67BC,FUN_0002f680
3D,00046688,000EB000,FFFF4CF8,FUN_0003f982
3D,000436B4,000D958C,FFFF8218,FUN_00050320
3D,000436C2,000D9798,FFFF8218,FUN_00050320
3D,0003B76C,000F06AC,FFFF4CF8,FUN_0003f982
3D,0003B778,000F0344,FFFF4CF8,FUN_0003f982
3D,0003B810,000BEBB0,FFFF4CF8,FUN_0003f982
3D,0003B830,000BECC8,FFFF4CF8,FUN_0003f982
3D,0003B850,000F09CC,FFFF4CF8,FUN_0003f982
3D,0003B866,000F0B34,FFFF4CF8,FUN_0003f982
3D,0003B872,000F9194,FFFF4CF8,FUN_0003f982
3D,0003B892,000F8DD4,FFFF4CF8,FUN_0003f982
3D,0003B8B2,000BEDE0,FFFF4CF8,FUN_0003f982
3D,0003B8C8,000BEEF8,FFFF4CF8,FUN_0003f982
3D,0003B8F2,000F8FB4,FFFF4CF8,FUN_0003f982
3D,00056742,000BD248,FFFF85A4,FUN_000568b4
3D,00056754,000BD57C,FFFF85A4,FUN_000568b4
3D,00056768,000BD8B0,FFFF85A4,FUN_000568b4
3D,00043740,000D3A74,FFFF4DC0,FUN_00040c18
3D,0008487E,000F1E54,FFFF4DC0,FUN_00040c18
3D,0008488A,000BF420,FFFF4DC0,FUN_00040c18
3D,000848B6,000F0F54,FFFF4DC0,FUN_00040c18
3D,000849E6,000BF060,FFFF4DC0,FUN_00040c18
3D,000848E2,000F1314,FFFF4DC0,FUN_00040c18
3D,0008490E,000F16D4,FFFF4DC0,FUN_00040c18
3D,000849DC,000F1A94,FFFF4DC0,FUN_00040c18
3D,000797A4,000D0774,FFFF78AC,FUN_000320a0
3D,000797C0,000B2440,FFFF78AC,FUN_000320a0
3D,000797CC,000D0B0C,FFFF78AC,FUN_000320a0
3D,00043770,000D9848,FFFF643C,FUN_000329a8
3D,000437E8,000D9BDC,FFFF4CF8,FUN_0003f982
3D,00043824,000D9BF4,FFFF78AC,FUN_000320a0
3D,00046414,000EA274,FFFF78AC,FUN_000320a0
3D,0006E464,000E4C28,FFFF78AC,FUN_000320a0
3D,0006E486,000E54B0,FFFF78AC,FUN_000320a0
3D,0006E4A6,000E506C,FFFF78AC,FUN_000320a0
3D,00056450,000B2FD0,FFFF85A4,FUN_000568b4
3D,0005645E,000B3304,FFFF85A4,FUN_000568b4
3D,00044038,000DC450,FFFF78AC,FUN_000320a0
3D,00044084,000DC468,FFFF78AC,FUN_000320a0
3D,00056876,000BB574,FFFF85A4,FUN_000568b4
3D,000438A0,000D9CC0,FFFF78AC,FUN_000320a0
3D,00046490,000EA2A4,FFFF78AC,FUN_000320a0
3D,00046C94,000EB14C,FFFF78AC,FUN_000320a0
3D,00044D24,000E3008,FFFF4CF8,FUN_0003f982
3D,00044D44,000E2058,FFFF4CF8,FUN_0003f982
3D,00044DD6,000B98DC,FFFF4CF8,FUN_0003f982
3D,00035D0A,000F51DC,FFFF4C2C,FUN_000389f4
3D,00035D18,000C3628,FFFF4C2C,FUN_000389f4
3D,00044DF0,000BA0B4,FFFF4CF8,FUN_0003f982
3D,00044D70,000E2444,FFFF4CF8,FUN_0003f982
3D,00044D9C,000E2830,FFFF4CF8,FUN_0003f982
3D,00046CE0,000EB164,FFFF78AC,FUN_000320a0
3D,00044DC0,000E2C1C,FFFF4CF8,FUN_0003f982
3D,000438F8,000DA548,FFFF78AC,FUN_000320a0
3D,0004391A,000DA98C,FFFF78AC,FUN_000320a0
3D,0004393A,000DA104,FFFF78AC,FUN_000320a0
3D,0004650C,000EA2D4,FFFF78AC,FUN_000320a0
3D,0004451E,000DD248,FFFF78AC,FUN_000320a0
3D,00044548,000DD68C,FFFF78AC,FUN_000320a0
3D,00044572,000DDAD0,FFFF78AC,FUN_000320a0
3D,00044594,000DDF14,FFFF78AC,FUN_000320a0
3D,0003615C,000C92F0,FFFF67B0,FUN_0003ae8c
3D,0003617A,000C98B4,FFFF67B0,FUN_0003ae8c
3D,0003616E,000C94DC,FFFF67B0,FUN_0003ae8c
3D,0003618A,000C9AA0,FFFF67B0,FUN_0003ae8c
3D,000361A8,000CA064,FFFF67B0,FUN_0003ae8c
3D,0003619C,000C9C8C,FFFF67B0,FUN_0003ae8c
3D,00056D26,000BA8A4,FFFF85A4,FUN_000568b4
3D,00046564,000EA7CC,FFFF78AC,FUN_000320a0
3D,00046586,000EAC10,FFFF78AC,FUN_000320a0
3D,000465A6,000EA388,FFFF78AC,FUN_000320a0
3D,00045930,000E5858,FFFF78AC,FUN_000320a0
3D,00032184,000CE814,FFFF78C0,FUN_0006a258
3D,00032214,000CF7C4,FFFF78C0,FUN_0006a258
3D,000322A6,000B18A4,FFFF78C0,FUN_0006a258
3D,000322C0,000B207C,FFFF78C0,FUN_0006a258
3D,00056168,000B8610,FFFF7AF8,FUN_000561ca
3D,00032240,000CFBB0,FFFF78C0,FUN_0006a258
3D,0003226C,000CFF9C,FFFF78C0,FUN_0006a258
3D,00032290,000D0388,FFFF78C0,FUN_0006a258
3D,000321B0,000CEC00,FFFF78C0,FUN_0006a258
3D,000321DC,000CEFEC,FFFF78C0,FUN_0006a258
3D,00032200,000CF3D8,FFFF78C0,FUN_0006a258
3D,00045D7E,000E6620,FFFF78AC,FUN_000320a0
3D,00045DA8,000E6A64,FFFF78AC,FUN_000320a0
3D,00045DD2,000E6EA8,FFFF78AC,FUN_000320a0
3D,00045DF4,000E72EC,FFFF78AC,FUN_000320a0
3D,00045980,000E5870,FFFF78AC,FUN_000320a0
3D,00042DB8,000D8CD8,FFFF78AC,FUN_000320a0
3D,00042DC6,000D8CF0,FFFF78AC,FUN_000320a0
3D,000441C8,000DC498,FFFF78AC,FUN_000320a0
3D,00041E18,000B4258,FFFF7AF0,FUN_00055332
3D,00047E2A,000C519C,FFFF77AC,FUN_00058c82
3D,00056A16,000BC244,FFFF85A4,FUN_000568b4
3D,00044214,000DC4B0,FFFF78AC,FUN_000320a0
3D,00041A48,000D29E4,FFFF78AC,FUN_000320a0
3D,00046E48,000EB194,FFFF78AC,FUN_000320a0
3D,00045A6C,000E5888,FFFF78AC,FUN_000320a0
3D,00044680,000DF468,FFFF78AC,FUN_000320a0
3D,000446D8,000B72A0,FFFF78AC,FUN_000320a0
3D,000446E4,000B7518,FFFF78AC,FUN_000320a0
3D,00041A94,000D2E28,FFFF78AC,FUN_000320a0
3D,00041AB8,000D326C,FFFF78AC,FUN_000320a0
3D,00045680,000E4730,FFFF78AC,FUN_000320a0
3D,00043EA8,000DC408,FFFF78AC,FUN_000320a0
3D,000327B0,000D1D7C,FFFF78AC,FUN_000320a0
3D,00046E94,000EB1AC,FFFF78AC,FUN_000320a0
3D,000562D4,000B8AB4,FFFF7AF4,FUN_00056336
3D,00045ABC,000E58A0,FFFF78AC,FUN_000320a0
3D,00045EE0,000E7730,FFFF78AC,FUN_000320a0
3D,00045F36,000BDBD4,FFFF78AC,FUN_000320a0
3D,00045F42,000E7B74,FFFF78AC,FUN_000320a0
3D,00046B08,000EB104,FFFF78AC,FUN_000320a0
3D,00043EF4,000DC420,FFFF78AC,FUN_000320a0
3D,00044B52,000E1688,FFFF67E0,FUN_00037d70
3D,00044B7C,000E1C6C,FFFF67E0,FUN_00037d70
3D,00045344,000E39B4,FFFF78AC,FUN_000320a0
3D,000373EC,000EC4B0,FFFF4C30,FUN_000381a0
3D,00037448,000ED8D0,FFFF4C30,FUN_000381a0
3D,00081F74,000AB020,FFFF78AC,FUN_000320a0
3D,00081F98,000AB034,FFFF78AC,FUN_000320a0
3D,00046B54,000EB11C,FFFF78AC,FUN_000320a0
3D,00055390,000B4BF0,FFFF85A4,FUN_000568b4
3D,00045390,000E3DF8,FFFF78AC,FUN_000320a0
3D,000453B4,000E423C,FFFF78AC,FUN_000320a0
3D,000437A8,000D9BC4,FFFF78AC,FUN_000320a0
3D,00056BAA,000BCF14,FFFF85A4,FUN_000568b4
3D,000457CE,000E47E4,FFFF78AC,FUN_000320a0
3D,00055FC8,000B7944,FFFF85A4,FUN_000568b4
3D,00056BEC,000BDE34,FFFF85A4,FUN_000568b4
3D,0003D272,000C810C,FFFF4DE8,FUN_00079830
3D,00038268,000EDC28,FFFF4C30,FUN_00037330
3D,00038292,000EE828,FFFF4C30,FUN_00037330
3D,000382C0,000EE990,FFFF4C30,FUN_00037330
3D,0003F65C,000C4EB8,FFFF4CF8,FUN_0003f982
3D,0003AF38,000F8A14,FFFF675C,FUN_0003ae8c
3D,0003AF46,000F8BF4,FFFF675C,FUN_0003ae8c
3D,0003442C,000DBEDC,FFFF4D98,FUN_0003ee0a
3D,0003449A,000DC120,FFFF4D98,FUN_0003ee0a
3D,00033822,000DBD1C,FFFF641C,FUN_0002c0c8
3D,0003382E,000DBB68,FFFF641C,FUN_0002c0c8
3D,0003383A,000DB800,FFFF641C,FUN_0002c0c8
3D,000338FA,000DB1B8,FFFF641C,FUN_0002c0c8
3D,00033CF8,000AE77C,FFFF641C,FUN_0002c0c8
3D,00033A92,000DAEC8,FFFF641C,FUN_0002c0c8
3D,00033AB4,000B5ADC,FFFF641C,FUN_0002c0c8
3D,00033AE0,000B59B0,FFFF641C,FUN_0002c0c8
3D,00033AA6,000DB6C4,FFFF641C,FUN_0002c0c8
3D,000338D6,000DB520,FFFF641C,FUN_0002c0c8
3D,000338E2,000DB36C,FFFF641C,FUN_0002c0c8
3D,000338EE,000DB004,FFFF641C,FUN_0002c0c8
