Wrapper_Addr,Size_X,Axis_X_Addr,Curve_Data_Addr
0003BFA0,20,000A85A8,000A85F8
00067768,37,000A60C0,000A6154
0007034E,6,000A3B38,000A3B50
00079880,10,000A87E8,000A8810
0004C8CA,13,000A8218,000A824C
0004C8D4,13,000A5120,000A5154
0004C972,20,000A51E8,000A5238
0004C992,20,000A5170,000A51C0
00059910,8,000A8928,000A8948
0007AA14,4,000A5F10,000A5F20
0006998A,18,000A3E50,000A3E98
0007DAD6,20,000A2508,000A2558
0003A9A2,20,000A93C0,000A9410
000749DA,3,000A48B4,000A48C0
000749E6,3,000A48C8,000A48D4
000569B2,8,000A2BF0,000A2C10
00038990,11,000A9068,000A9094
000569BC,8,000A2C18,000A2C38
000569C6,8,000A2C40,000A2C60
000469C4,22,000A8A30,000A8A88
000329D0,7,000A7528,000A7544
000849F2,10,000A37E0,000A3808
000469EC,21,000A8AE0,000A8B34
00055A4A,8,000A293C,000A295C
00055A54,8,000A2964,000A2984
00055A5E,8,000A298C,000A29AC
00068A7E,8,000A501C,000A503C
00068A8A,8,000A4FEC,000A500C
00080A70,13,000A25E4,000A2618
00080A7E,10,000A40A8,000A40D0
00036A60,11,000A7218,000A7244
00081A94,23,000A6568,000A65C4
00039B6E,11,000A68E0,000A690C
00039B7A,10,000A6938,000A6960
0007ABB0,5,000A5E98,000A5EAC
00021B52,6,000A3B98,000A3BB0
00032B44,6,000A7648,000A7660
00056B46,8,000A2C68,000A2C88
00056B50,8,000A2C90,000A2CB0
00056B5A,8,000A2CB8,000A2CD8
00080B82,21,000A4BC0,000A4C14
00069B9A,11,000A5450,000A547C
00046B8E,10,000A56EC,000A5714
0002DBA0,11,000A9B30,000A9B5C
00084BA2,10,000A3FA8,000A3FD0
00084BAE,11,000A3F64,000A3F90
0007DBA4,6,000A3AA8,000A3AC0
00080BE6,8,000A6428,000A6448
00037BE2,11,000A8C88,000A8CB4
00084C32,6,000A2E70,000A2E88
00084CB6,6,000A2E94,000A2EAC
00069C0A,11,000A3D84,000A3DB0
00069C14,11,000A3E0C,000A3E38
00069C1E,11,000A3DC8,000A3DF4
00080CB2,6,000A2D74,000A2D8C
00080CBE,6,000A2D98,000A2DB0
00044C2C,11,000A8738,000A8764
00081C5C,24,000A61E8,000A6248
0002ECE2,10,000A6EC0,000A6EE8
0002ECEC,10,000A6F10,000A6F38
0002ED0C,10,000A6E70,000A6E98
00055CE8,16,000A80D8,000A8118
0007DD82,6,000A3A84,000A3A9C
00036CCC,11,000A7270,000A729C
00046D1A,2,000A5728,000A5730
00036D24,11,000A72C8,000A72F4
00082D82,13,000A3858,000A388C
00082DC0,9,000A38A8,000A38CC
00054D6A,8,000A4770,000A4790
00054D76,8,000A4740,000A4760
00086DA4,25,000A8280,000A82E4
00036D5C,11,000A7320,000A734C
00086DD2,25,000A8348,000A83AC
00033E56,5,000A6D88,000A6D9C
000330A6,15,000A66C8,000A6704
000330AE,15,000A6740,000A677C
000330B6,15,000A67B8,000A67F4
0003312E,11,000A6830,000A685C
00080DA0,10,000A7158,000A7180
0002EDF8,10,000A47A0,000A47C8
0002EE18,10,000A47DC,000A4804
0002EE22,10,000A4818,000A4840
00048E26,10,000A7108,000A7130
0002EF38,10,000A6FB0,000A6FD8
0002EF48,10,000A6F60,000A6F88
00036E10,10,000A88D8,000A8900
0002F044,10,000A7000,000A7028
00055DE8,8,000A4F44,000A4F64
00055DFA,16,000A4EE4,000A4F24
00053E60,12,000A5090,000A50C0
00079ECC,23,000A5858,000A58B4
00079ED4,21,000A33F4,000A3448
00079EDC,21,000A3574,000A35C8
00079EE6,21,000A36F4,000A3748
00079EAE,23,000A57CC,000A5828
00079EB6,21,000A3374,000A33C8
00079EBE,21,000A34F4,000A3548
00079E90,23,000A5740,000A579C
00079E98,21,000A32F4,000A3348
00079EA0,21,000A3474,000A34C8
0007DF10,10,000A7378,000A73A0
0007DF32,10,000A73C8,000A73F0
0007DF7C,23,000A7418,000A7474
0003FE94,23,000A2800,000A285C
00039F2C,7,000A90C0,000A90DC
00039FA4,8,000A91F8,000A9218
00039FC6,8,000A9238,000A9258
00046ECE,2,000A5734,000A573C
0003BEE4,10,000A97B0,000A97D8
0003BEFE,10,000A9800,000A9828
00042F2C,23,000A7980,000A79DC
0007AEE8,10,000A5EC0,000A5EE8
00043F2E,10,000A4E90,000A4EB8
00035F84,11,000A3CC4,000A3CF0
00035FD8,11,000A3D08,000A3D34
00035FF6,2,000A2594,000A259C
00037FB6,11,000A8DB8,000A8DE4
000380A4,11,000A8D60,000A8D8C
0007D040,13,000A24C4,000A24F8
0007D064,6,000A2484,000A249C
00053034,11,000A4020,000A404C
0005304E,11,000A4064,000A4090
0007D07C,6,000A2444,000A245C
0007D0A2,10,000A3AFC,000A3B24
000340A4,10,000A8088,000A80B0
000440BE,2,000A4ECC,000A4ED4
0003B2B4,20,000A9500,000A9550
0003B2BE,20,000A95A0,000A95F0
0003B2C8,10,000A5998,000A59C0
0003B2D2,10,000A59D4,000A59FC
000470F8,7,000A9A98,000A9AB4
00047104,7,000A9AD0,000A9AEC
00049170,6,000A71A8,000A71C0
000420EC,23,000A77F8,000A7854
000560FA,8,000A29B4,000A29D4
00056104,8,000A29DC,000A29FC
0005610E,8,000A2A04,000A2A24
00048174,10,000A5FD0,000A5FF8
0004817E,10,000A6070,000A6098
00048208,10,000A6020,000A6048
00081194,9,000A7560,000A7584
0003A184,6,000A9188,000A91A0
00055182,8,000A2A2C,000A2A4C
0005518C,8,000A2A54,000A2A74
00055196,8,000A2A7C,000A2A9C
000581B4,6,000A6508,000A6520
000581C0,6,000A6538,000A6550
000421EE,11,000A4D74,000A4DA0
0004220E,11,000A2EF4,000A2F20
0004222E,6,000A4DB8,000A4DD0
000425D0,11,000A78F8,000A7924
000425EE,6,000A7950,000A7968
000451E8,14,000A81A8,000A81E0
0003A246,6,000A9158,000A9170
00075208,23,000A7050,000A70AC
0004424E,2,000A4ED8,000A4EE0
00046300,9,000A89B8,000A89DC
000332A6,11,000A6888,000A68B4
000252CC,11,000A5C98,000A5CC4
000252D6,11,000A5CF0,000A5D1C
000252E0,11,000A5D48,000A5D74
000252EA,11,000A5DA0,000A5DCC
000542C8,12,000A50D8,000A5108
000552DA,8,000A2760,000A2780
000552E4,8,000A2788,000A27A8
000552EE,8,000A27B0,000A27D0
0007E3CE,18,000A9850,000A9898
0002E390,13,000A6CA8,000A6CDC
0002B3B0,24,000A62A8,000A6308
0002B3DC,24,000A6368,000A63C8
000463D6,6,000A8A00,000A8A18
0004A440,20,000A6468,000A64B8
000434AA,23,000A2F38,000A2F94
000434FA,23,000A3168,000A31C4
000434BE,23,000A2FC4,000A3020
000434D0,23,000A3050,000A30AC
000434E2,23,000A30DC,000A3138
000494E0,2,000A486C,000A4874
000494FE,2,000A4854,000A485C
0004950A,2,000A4860,000A4868
000497E8,10,000A4878,000A48A0
0003A502,6,000A90F8,000A9110
0003A51E,6,000A9128,000A9140
000564B8,8,000A27D8,000A27F8
000554CE,8,000A2874,000A2894
000554D8,8,000A289C,000A28BC
000554E2,8,000A28C4,000A28E4
00024504,24,000A5260,000A52C0
00032502,11,000A74D0,000A74FC
0004B4FC,23,000A39F8,000A3A54
0004B508,23,000A396C,000A39C8
0005356C,10,000A4914,000A493C
00053576,10,000A4950,000A4978
000535AC,10,000A498C,000A49B4
000535B6,10,000A49C8,000A49F0
0005360A,10,000A4A04,000A4A2C
00053612,10,000A4A40,000A4A68
00053624,10,000A2EB8,000A2EE0
0005362C,10,000A4A7C,000A4AA4
0007E5D0,10,000A5DF8,000A5E20
0007E5F2,10,000A5E48,000A5E70
0005560E,21,000A31F4,000A3248
00055618,21,000A3274,000A32C8
000556FA,8,000A28EC,000A290C
00055712,8,000A2914,000A2934
00067606,20,000A8838,000A8888
0003A644,8,000A3774,000A3794
0003A664,10,000A58E4,000A590C
0003A684,10,000A5920,000A5948
0003A6B0,10,000A9370,000A9398
0003A6D0,10,000A9320,000A9348
0003A76C,8,000A92E0,000A9300
0003A798,8,000A92A0,000A92C0
0003A920,5,000A9278,000A928C
0004C628,13,000A5398,000A53CC
00057672,12,000A5F30,000A5F60
0005767E,8,000A5F90,000A5FB0
0007A68C,10,000A2E34,000A2E5C
0003B674,10,000A5A10,000A5A38
0003B690,10,000A9640,000A9668
0004369E,11,000A7A38,000A7A64
000566C6,8,000A2B78,000A2B98
000566D0,8,000A2BA0,000A2BC0
000566DA,8,000A2BC8,000A2BE8
0003B804,8,000A5A4C,000A5A6C
0003B824,10,000A37A4,000A37CC
0003B844,10,000A5A7C,000A5AA4
0003B87C,10,000A9760,000A9788
0003B89C,8,000A96D0,000A96F0
0003B8BC,8,000A9690,000A96B0
0003B8FC,10,000A9710,000A9738
0007A718,23,000A38E0,000A393C
00057706,9,000A3D4C,000A3D70
000227B6,10,000A2DF8,000A2E20
00053718,8,000A4AB8,000A4AD8
00081868,5,000A9BD8,000A9BEC
00081870,5,000A9BB0,000A9BC4
00081884,5,000A9B88,000A9B9C
0002D7B8,11,000A5B40,000A5B6C
0002D7C4,11,000A5AFC,000A5B28
00084896,10,000A381C,000A3844
000487EC,20,000A6988,000A69D8
000487F8,20,000A6A28,000A6A78
000547D0,8,000A5B84,000A5BA4
000547DC,8,000A5BB4,000A5BD4
00053800,8,000A4C88,000A4CA8
00053818,12,000A4C40,000A4C70
00053836,10,000A75A8,000A75D0
00053854,10,000A75F8,000A7620
00053860,8,000A2738,000A2758
000867A0,20,000A237C,000A23CC
000867AC,20,000A23E0,000A2430
00056812,8,000A2CE0,000A2D00
0005681C,8,000A2D08,000A2D28
00056826,8,000A2D30,000A2D50
0002E910,11,000A6620,000A664C
0002E91C,10,000A6678,000A66A0
00038C14,23,000A98E0,000A993C
00032C20,16,000A7778,000A77B8
0007D85C,10,000A3B5C,000A3B84
0006E470,10,000A550C,000A5534
0004703C,16,000A8EA8,000A8EE8
0006E490,10,000A5584,000A55AC
0006E4B0,10,000A5548,000A5570
00047068,16,000A8F28,000A8F68
00047098,16,000A8FA8,000A8FE8
0003FD50,5,000A5C28,000A5C3C
0003FD5C,5,000A5C48,000A5C5C
00044D30,11,000A8790,000A87BC
00043904,10,000A4E18,000A4E40
00043924,10,000A4E54,000A4E7C
00043944,10,000A4DDC,000A4E04
00046570,10,000A5674,000A569C
00046590,10,000A56B0,000A56D8
000465B0,10,000A5638,000A5660
0003E380,10,000A6D38,000A6D60
0007B62A,5,000A9B08,000A9B1C
0004468E,10,000A4FB0,000A4FD8
000446AE,10,000A4F74,000A4F9C
000446EE,10,000A8158,000A8180
00041AA0,10,000A4CB8,000A4CE0
00041AC4,10,000A4CF4,000A4D1C
0003EF38,14,000A4B18,000A4B50
0003EF44,14,000A4B6C,000A4BA4
00045EEE,10,000A55FC,000A5624
00045F0E,10,000A55C0,000A55E8
00045F4C,10,000A8968,000A8990
00044B5E,11,000A86B8,000A86E4
00044B86,5,000A8710,000A8724
0004539C,10,000A5494,000A54BC
000453C0,10,000A54D0,000A54F8
00032BB4,16,000A7678,000A76B8
00032BE8,16,000A76F8,000A7738
0003C958,15,000A4518,000A4554
0003C94E,15,000A46E4,000A4720
0003C210,14,000A3EBC,000A3EF4
0003C21C,14,000A3F10,000A3F48
0003F276,11,000A6BF8,000A6C24
0003F280,11,000A6C50,000A6C7C
0003F208,5,000A40E4,000A40F8
0003C808,15,000A44BC,000A44F8
00038272,11,000A8E50,000A8E7C
000382E8,2,000A2D58,000A2D60
0003F558,26,000A42D8,000A4340
0003F8A0,6,000A6AC8,000A6AE0
0003F8AC,6,000A4410,000A4428
0003F7F0,11,000A6B48,000A6B74
0003F7FA,11,000A6BA0,000A6BCC
0003F56C,26,000A4374,000A43DC
0003F594,2,000A2628,000A2630
0003AF52,10,000A9460,000A9488
0003AF5E,10,000A94B0,000A94D8
0005967A,9,000A78B0,000A78D4
00033750,10,000A7BF8,000A7C20
0003375A,10,000A7C48,000A7C70
00033788,15,000A7A90,000A7ACC
00033792,15,000A7B08,000A7B44
0003379C,15,000A7B80,000A7BBC
00033816,15,000A8010,000A804C
000339A0,6,000A7EF0,000A7F08
00033A76,15,000A7D88,000A7DC4
00033A80,15,000A7E00,000A7E3C
00033B68,15,000A7F20,000A7F5C
00033B7A,15,000A7F98,000A7FD4
00033A1E,15,000A7C98,000A7CD4
00033A28,15,000A7D10,000A7D4C
000338CA,15,000A7E78,000A7EB4
