Wrapper_Addr,Size_Y,Size_X,Axis_Y_Addr,Axis_X_Addr,Map_Z_Addr
0004F0A0,23,21,000C3718,000C3774,000C37C8
00071266,23,21,000C3718,000C3774,000C37C8
00050964,23,8,000C3B90,000C3BEC,000C3C0C
000710B6,23,8,000C3B90,000C3BEC,000C3C0C
00079856,21,20,000E3350,000E33A4,000E33F4
00079874,21,10,000BA3FC,000BA450,000BA478
00043864,2,2,000D9BFC,000D9C04,000D9C0C
000568E2,21,16,000BB814,000BB868,000BB8A8
000568F4,21,16,000BBB48,000BBB9C,000BBBDC
00056908,21,16,000BBE7C,000BBED0,000BBF10
0004190C,21,10,000D2718,000D276C,000D2794
00079916,19,6,000B96F0,000B973C,000B9754
00044976,2,2,000AAFFC,000AB004,000AB00C
00044984,11,11,000DF800,000DF82C,000DF858
0007D9DC,10,10,000C3E94,000C3EBC,000C3EE4
0007D9E8,10,10,000C3D7C,000C3DA4,000C3DCC
0007D9F2,10,10,000A9C80,000A9CA8,000A9CD0
00055994,21,16,000B6218,000B626C,000B62AC
000559A0,21,16,000B654C,000B65A0,000B65E0
000559AC,21,16,000B6880,000B68D4,000B6914
000559B8,21,16,000B6BB4,000B6C08,000B6C48
000559C4,21,16,000B6EE8,000B6F3C,000B6F7C
0003A980,20,10,000F8294,000F82E4,000F830C
0003A990,20,10,000F862C,000F867C,000F86A4
00052998,23,21,000F72D8,000F7334,000F7388
000529C4,23,21,000F72D8,000F7334,000F7388
000449C4,16,11,000F6FAC,000F6FEC,000F7018
00032A3A,7,7,000D24B0,000D24CC,000D24E8
00054A10,6,11,000CBD2C,000CBD44,000CBD70
00043A1C,11,11,000DAD24,000DAD50,000DAD7C
00056A76,21,16,000BC4E4,000BC538,000BC578
00056A88,21,16,000BC818,000BC86C,000BC8AC
00056A9C,21,16,000BCB4C,000BCBA0,000BCBE0
00044A50,24,20,000E02E8,000E0348,000E0398
0007CAB8,23,21,000F72D8,000F7334,000F7388
00044AC6,11,14,000B8888,000B88B4,000B88EC
00053AFE,8,8,000D3C70,000D3C90,000D3CB0
0007CB0E,10,10,000AA4E8,000AA510,000AA538
00039B60,2,2,000C481C,000C4824,000C482C
00055B3C,21,16,000AA79C,000AA7F0,000AA830
00055B4A,21,16,000AA980,000AA9D4,000AAA14
00032B10,16,11,000D254C,000D258C,000D25B8
00080B60,26,28,000D0F08,000D0F70,000D0FE0
00080B6E,26,28,000D1590,000D15F8,000D1668
00036B7C,2,2,000CBDF4,000CBDFC,000CBE04
00046B82,2,2,000EB124,000EB12C,000EB134
00041BC4,11,11,000D3604,000D3630,000D365C
00037BFA,11,8,000EDACC,000EDAF8,000EDB18
0007CC0E,9,10,000AB0E0,000AB104,000AB12C
00041C26,2,2,000D39D4,000D39DC,000D39E4
0003BE3A,2,2,000F0E84,000F0E8C,000F0E94
0003BE46,2,2,000F0E9C,000F0EA4,000F0EAC
0003BE06,2,2,000F0E54,000F0E5C,000F0E64
00054C68,8,8,000D1C18,000D1C38,000D1C58
0007CC58,9,10,000AB038,000AB05C,000AB084
0002ECD8,20,20,000C8384,000C83D4,000C8424
0002ECF8,10,10,000C885C,000C8884,000C88AC
0002ED18,10,10,000C8744,000C876C,000C8794
0007DCA4,10,5,000C20D0,000C20F8,000C210C
0007DCB4,10,11,000C1E70,000C1E98,000C1EC4
00055CF6,21,16,000AAB64,000AABB8,000AABF8
0007DD40,10,5,000C2170,000C2198,000C21AC
0007DD50,10,11,000C1FA0,000C1FC8,000C1FF4
00046D0E,2,2,000EB16C,000EB174,000EB17C
0002EE06,10,10,000C9044,000C906C,000C9094
0002EE30,10,10,000C915C,000C9184,000C91AC
00048E0E,20,20,000AF9F0,000AFA40,000AFA90
00048E34,20,20,000AF630,000AF680,000AF6D0
00055E08,21,16,000AAD48,000AAD9C,000AADDC
00048E94,20,20,000CA1D4,000CA224,000CA274
00042E80,23,11,000B3F40,000B3F9C,000B3FC8
00048EC2,20,20,000CA594,000CA5E4,000CA634
00048EF0,20,20,000CA954,000CA9A4,000CA9F4
00048F16,20,20,000CAD14,000CAD64,000CADB4
0007DEF2,26,28,000CE0E8,000CE150,000CE1C0
0007DF1C,26,28,000CDA60,000CDAC8,000CDB38
0007DF3E,26,28,000B1178,000B11E0,000B1250
00055ED8,6,8,000AAF2C,000AAF44,000AAF64
00055EE6,6,8,000AAF94,000AAFAC,000AAFCC
00035ED4,20,11,000CBE0C,000CBE5C,000CBE88
00039F8E,10,10,000BE2A0,000BE2C8,000BE2F0
00039F9A,10,10,000BE3B8,000BE3E0,000BE408
00039FB0,10,10,000BE4D0,000BE4F8,000BE520
00039FBC,10,10,000BE5E8,000BE610,000BE638
00046EC2,2,2,000EB1B4,000EB1BC,000EB1C4
00067FF2,24,20,000C4834,000C4894,000C48E4
00042F3C,23,8,000F69B4,000F6A10,000F6A30
00042F70,23,6,000D9008,000D9064,000D907C
00042FA0,23,6,000D8CF8,000D8D54,000D8D6C
00042FAC,23,6,000D9190,000D91EC,000D9204
00043038,23,6,000F6D10,000F6D6C,000F6D84
00042F8E,23,6,000D8E80,000D8EDC,000D8EF4
00046F28,16,11,000BE0D4,000BE114,000BE140
00043F22,2,2,000DC428,000DC430,000DC438
00035F7A,23,11,000C4230,000C428C,000C42B8
00035FA6,27,8,000AE494,000AE500,000AE520
00036002,27,5,000C44B4,000C4520,000C4534
00048F46,20,20,000AEAF0,000AEB40,000AEB90
00048F5A,20,20,000AF270,000AF2C0,000AF310
00046F6E,21,20,000EEF4C,000EEFA0,000EEFF0
00046F7C,21,20,000EF338,000EF38C,000EF3DC
00041FBC,23,21,000F72D8,000F7334,000F7388
00044FE4,21,9,000BA61C,000BA670,000BA694
00052FFA,8,8,000C4CA4,000C4CC4,000C4CE4
00053016,8,8,000C4D64,000C4D84,000C4DA4
0005602A,21,16,000B7BE4,000B7C38,000B7C78
0005603C,21,16,000B7F18,000B7F6C,000B7FAC
00056050,21,16,000B824C,000B82A0,000B82E0
0007E050,26,28,000CC040,000CC0A8,000CC118
0007E164,26,28,000CC6C8,000CC730,000CC7A0
0007E192,26,28,000CCD50,000CCDB8,000CCE28
0007E1B8,26,28,000CD3D8,000CD440,000CD4B0
0008202C,23,21,000F72D8,000F7334,000F7388
000440B2,2,2,000DC470,000DC478,000DC480
00049194,10,10,000CB0D4,000CB0FC,000CB124
000491A2,6,5,000CB41C,000CB434,000CB448
000491C8,10,10,000CB1EC,000CB214,000CB23C
000491D4,10,10,000CB304,000CB32C,000CB354
00049254,6,5,000CB484,000CB49C,000CB4B0
0004818C,20,20,000C320C,000C325C,000C32AC
000481B0,20,20,000AD798,000AD7E8,000AD838
000481CC,20,20,000ADB58,000ADBA8,000ADBF8
0003A192,10,10,000EF83C,000EF864,000EF88C
000421D6,23,15,000D8904,000D8960,000D899C
000421E2,23,15,000D3D30,000D3D8C,000D3DC8
00042204,23,15,000D407C,000D40D8,000D4114
00042224,23,15,000D43C8,000D4424,000D4460
00042298,23,15,000D4714,000D4770,000D47AC
000422A2,23,15,000B44DC,000B4538,000B4574
000422BA,23,15,000D5E28,000D5E84,000D5EC0
00042484,23,15,000D71F0,000D724C,000D7288
000425E4,23,15,000D85B8,000D8614,000D8650
000424B0,23,15,000D753C,000D7598,000D75D4
000424DC,23,15,000D7888,000D78E4,000D7920
00042508,23,15,000D7BD4,000D7C30,000D7C6C
00042534,23,15,000D7F20,000D7F7C,000D7FB8
000425C8,23,15,000D826C,000D82C8,000D8304
000423C8,23,15,000D6174,000D61D0,000D620C
000423F4,23,15,000D64C0,000D651C,000D6558
00042420,23,15,000D680C,000D6868,000D68A4
0004244C,23,15,000D6B58,000D6BB4,000D6BF0
00042470,23,15,000D6EA4,000D6F00,000D6F3C
00055208,21,16,000B35A4,000B35F8,000B3638
0005521A,21,16,000B38D8,000B392C,000B396C
0005522E,21,16,000B3C0C,000B3C60,000B3CA0
000461FE,11,11,000E9168,000E9194,000E91C0
0004620C,11,11,000E901C,000E9048,000E9074
000561F8,21,16,000DF94C,000DF9A0,000DF9E0
0005620A,21,16,000DFC80,000DFCD4,000DFD14
0007E1E8,26,28,000AFDE0,000AFE48,000AFEB8
0005621E,21,16,000DFFB4,000E0008,000E0048
0007E1FC,26,28,000B0AF0,000B0B58,000B0BC8
0003A256,10,10,000EF724,000EF74C,000EF774
00044242,2,2,000DC4B8,000DC4C0,000DC4C8
0004827A,20,20,000C230C,000C235C,000C23AC
000482A8,20,20,000C26CC,000C271C,000C276C
000482D6,20,20,000C2A8C,000C2ADC,000C2B2C
000482FC,20,20,000C2E4C,000C2E9C,000C2EEC
00046280,21,20,000E92B4,000E9308,000E9358
000462AA,21,20,000E96A0,000E96F4,000E9744
000332B2,10,10,000A9D34,000A9D5C,000A9D84
000462D4,21,20,000E9A8C,000E9AE0,000E9B30
000462F6,21,20,000E9E78,000E9ECC,000E9F1C
00056364,21,16,000B8D54,000B8DA8,000B8DE8
00056376,21,16,000B9088,000B90DC,000B911C
0005638A,21,16,000B93BC,000B9410,000B9450
000543B4,8,8,000E1474,000E1494,000E14B4
000433AE,23,8,000D9318,000D9374,000D9394
000683CA,16,16,000A9DE8,000A9E28,000A9E68
000483F6,20,20,000ACC58,000ACCA8,000ACCF8
0006842E,16,16,000A9F68,000A9FA8,000A9FE8
0006845C,16,16,000AA0E8,000AA128,000AA168
0004840A,20,20,000AD3D8,000AD428,000AD478
00068482,16,16,000AA268,000AA2A8,000AA2E8
0003A404,10,10,000F7CF4,000F7D1C,000F7D44
000553FC,21,16,000B4E90,000B4EE4,000B4F24
0005540E,21,16,000B51C4,000B5218,000B5258
00055422,21,16,000B54F8,000B554C,000B558C
0003842A,23,19,000E0758,000E07B4,000E0800
0003843A,23,21,000E0B6C,000E0BC8,000E0C1C
00054440,8,8,000EB1CC,000EB1EC,000EB20C
00046454,2,2,000EA27C,000EA284,000EA28C
000494EE,2,2,000AFDC8,000AFDD0,000AFDD8
00049516,2,2,000AFDB0,000AFDB8,000AFDC0
000497F4,20,20,000CB884,000CB8D4,000CB924
000497CC,20,18,000CB4EC,000CB53C,000CB584
0003A510,10,10,000F7B14,000F7B3C,000F7B64
00058486,6,11,000C4644,000C465C,000C4688
000564C6,8,8,000AA59C,000AA5BC,000AA5DC
000384E2,23,19,000E0758,000E07B4,000E0800
000454E8,11,11,000E45D4,000E4600,000E462C
000324EA,2,2,000B25E4,000B25EC,000B25F4
000464D0,2,2,000EA2AC,000EA2B4,000EA2BC
0003857C,23,12,000EEA14,000EEA70,000EEAA0
0003859A,23,11,000EECC8,000EED24,000EED50
000385CE,2,2,000E145C,000E1464,000E146C
00032542,21,11,000B25FC,000B2650,000B267C
00032570,21,11,000B284C,000B28A0,000B28CC
000535A4,10,8,000CBC44,000CBC6C,000CBC8C
0003259E,21,11,000B2A9C,000B2AF0,000B2B1C
000325C4,21,11,000B2CEC,000B2D40,000B2D6C
0007E5DE,26,28,000AC5D0,000AC638,000AC6A8
0007E5FE,26,28,000C1160,000C11C8,000C1238
0007E614,26,28,000C17E8,000C1850,000C18C0
000556A0,21,16,000B5BB0,000B5C04,000B5C44
000556AC,21,16,000B5EE4,000B5F38,000B5F78
00055706,8,8,000A9C00,000A9C20,000A9C40
00055728,8,8,000AA61C,000AA63C,000AA65C
00055754,8,8,000AA69C,000AA6BC,000AA6DC
00055844,8,8,000AA71C,000AA73C,000AA75C
0003A638,20,18,000EF954,000EF9A4,000EF9EC
0003A650,10,10,000EFCBC,000EFCE4,000EFD0C
0003A670,10,10,000EFDD4,000EFDFC,000EFE24
0003A690,10,10,000BE700,000BE728,000BE750
0003A6A6,20,20,000EFEEC,000EFF3C,000EFF8C
0003A6BC,10,10,000BEA48,000BEA70,000BEA98
0003A6DC,10,10,000F80B4,000F80DC,000F8104
0003A778,10,10,000F7ED4,000F7EFC,000F7F24
0003A78E,10,10,000BE818,000BE840,000BE868
0003A7A4,10,10,000BE930,000BE958,000BE980
000565F6,21,16,000BAB44,000BAB98,000BABD8
00056608,21,16,000BAE78,000BAECC,000BAF0C
0005661C,21,16,000BB1AC,000BB200,000BB240
00057666,8,11,000C2210,000C2230,000C225C
0002468E,9,9,000E1534,000E1558,000E157C
00038656,23,19,000E0758,000E07B4,000E0800
00038664,23,21,000E0B6C,000E0BC8,000E0C1C
00046688,11,11,000EAFA8,000EAFD4,000EB000
0007E69A,26,28,000BF740,000BF7A8,000BF818
0007E6C8,26,28,000BFDC8,000BFE30,000BFEA0
0007E6F6,26,28,000C0450,000C04B8,000C0528
0007E71C,26,28,000C0AD8,000C0B40,000C0BB0
000436B4,23,11,000D9504,000D9560,000D958C
000436C2,2,2,000D9788,000D9790,000D9798
0003B76C,20,18,000F0614,000F0664,000F06AC
0003B778,20,18,000F02AC,000F02FC,000F0344
0003B810,10,10,000BEB60,000BEB88,000BEBB0
0003B830,10,10,000BEC78,000BECA0,000BECC8
0003B850,10,10,000F097C,000F09A4,000F09CC
0003B866,20,20,000F0A94,000F0AE4,000F0B34
0003B872,10,10,000F9144,000F916C,000F9194
0003B892,10,10,000F8D84,000F8DAC,000F8DD4
0003B8B2,10,10,000BED90,000BEDB8,000BEDE0
0003B8C8,10,10,000BEEA8,000BEED0,000BEEF8
0003B8F2,10,10,000F8F64,000F8F8C,000F8FB4
00056742,21,16,000BD1B4,000BD208,000BD248
00056754,21,16,000BD4E8,000BD53C,000BD57C
00056768,21,16,000BD81C,000BD870,000BD8B0
0007E74C,26,28,000AB238,000AB2A0,000AB310
0007E760,26,28,000ABF48,000ABFB0,000AC020
00043740,23,11,000D39EC,000D3A48,000D3A74
0008487E,20,20,000F1DB4,000F1E04,000F1E54
0008488A,20,20,000BF380,000BF3D0,000BF420
000848B6,20,20,000F0EB4,000F0F04,000F0F54
000849E6,20,20,000BEFC0,000BF010,000BF060
000848E2,20,20,000F1274,000F12C4,000F1314
0008490E,20,20,000F1634,000F1684,000F16D4
000849DC,20,20,000F19F4,000F1A44,000F1A94
000797A4,21,20,000D06D0,000D0724,000D0774
000797C0,21,10,000B23C4,000B2418,000B2440
000797CC,10,10,000D0ABC,000D0AE4,000D0B0C
00043770,23,19,000D97A0,000D97FC,000D9848
000437E8,2,2,000D9BCC,000D9BD4,000D9BDC
001710B6,23,8,000C3B90,000C3BEC,000C3C0C
00043824,2,2,000D9BE4,000D9BEC,000D9BF4
00046414,2,2,000EA264,000EA26C,000EA274
0006E464,23,20,000E4B7C,000E4BD8,000E4C28
0006E486,23,20,000E5404,000E5460,000E54B0
0006E4A6,23,20,000E4FC0,000E501C,000E506C
00056450,21,16,000B2F3C,000B2F90,000B2FD0
0005645E,21,16,000B3270,000B32C4,000B3304
00044038,2,2,000DC440,000DC448,000DC450
00044084,2,2,000DC458,000DC460,000DC468
00056876,21,16,000BB4E0,000BB534,000BB574
000438A0,23,20,000D9C14,000D9C70,000D9CC0
00046490,2,2,000EA294,000EA29C,000EA2A4
00046C94,2,2,000EB13C,000EB144,000EB14C
00081D7E,23,21,000E0FE4,000E1040,000E1094
00044D24,21,20,000E2F64,000E2FB8,000E3008
00044D44,21,20,000E1FB4,000E2008,000E2058
00044DD6,21,20,000B9838,000B988C,000B98DC
00035D0A,15,8,000F5180,000F51BC,000F51DC
00035D18,15,8,000C35CC,000C3608,000C3628
00044DF0,21,20,000BA010,000BA064,000BA0B4
00044D70,21,20,000E23A0,000E23F4,000E2444
00044D9C,21,20,000E278C,000E27E0,000E2830
00046CE0,2,2,000EB154,000EB15C,000EB164
00044DC0,21,20,000E2B78,000E2BCC,000E2C1C
000438F8,23,20,000DA49C,000DA4F8,000DA548
0004391A,23,20,000DA8E0,000DA93C,000DA98C
0004393A,23,20,000DA058,000DA0B4,000DA104
0004650C,2,2,000EA2C4,000EA2CC,000EA2D4
0004451E,23,20,000DD19C,000DD1F8,000DD248
00044548,23,20,000DD5E0,000DD63C,000DD68C
00044572,23,20,000DDA24,000DDA80,000DDAD0
00044594,23,20,000DDE68,000DDEC4,000DDF14
0003615C,23,8,000C9274,000C92D0,000C92F0
0003617A,23,8,000C9838,000C9894,000C98B4
0003616E,23,8,000C9460,000C94BC,000C94DC
0003618A,23,8,000C9A24,000C9A80,000C9AA0
000361A8,23,8,000C9FE8,000CA044,000CA064
0003619C,23,8,000C9C10,000C9C6C,000C9C8C
00056D26,21,16,000BA810,000BA864,000BA8A4
00042D50,2,2,000D8CB0,000D8CB8,000D8CC0
00046564,23,20,000EA720,000EA77C,000EA7CC
00046586,23,20,000EAB64,000EABC0,000EAC10
000465A6,23,20,000EA2DC,000EA338,000EA388
00045930,2,2,000E5848,000E5850,000E5858
00032184,21,20,000CE770,000CE7C4,000CE814
00032214,21,20,000CF720,000CF774,000CF7C4
000322A6,21,20,000B1800,000B1854,000B18A4
000322C0,21,20,000B1FD8,000B202C,000B207C
00056168,21,15,000B8580,000B85D4,000B8610
00032240,21,20,000CFB0C,000CFB60,000CFBB0
0003226C,21,20,000CFEF8,000CFF4C,000CFF9C
00032290,21,20,000D02E4,000D0338,000D0388
000321B0,21,20,000CEB5C,000CEBB0,000CEC00
000321DC,21,20,000CEF48,000CEF9C,000CEFEC
00032200,21,20,000CF334,000CF388,000CF3D8
00045D7E,23,20,000E6574,000E65D0,000E6620
00045DA8,23,20,000E69B8,000E6A14,000E6A64
00045DD2,23,20,000E6DFC,000E6E58,000E6EA8
00045DF4,23,20,000E7240,000E729C,000E72EC
00045980,2,2,000E5860,000E5868,000E5870
00042DB8,2,2,000D8CC8,000D8CD0,000D8CD8
00042DC6,2,2,000D8CE0,000D8CE8,000D8CF0
000441C8,2,2,000DC488,000DC490,000DC498
00041E18,23,14,000B41C4,000B4220,000B4258
000449FA,23,21,000F72D8,000F7334,000F7388
00044A08,23,21,000F72D8,000F7334,000F7388
00047E2A,23,19,000C50F4,000C5150,000C519C
00056A16,21,16,000BC1B0,000BC204,000BC244
00044214,2,2,000DC4A0,000DC4A8,000DC4B0
00041A48,23,20,000D2938,000D2994,000D29E4
00046E48,2,2,000EB184,000EB18C,000EB194
0006A288,21,16,000D0BD4,000D0C28,000D0C68
00045A6C,2,2,000E5878,000E5880,000E5888
00044680,23,20,000DF3BC,000DF418,000DF468
000446D8,23,10,000B721C,000B7278,000B72A0
000446E4,23,20,000B746C,000B74C8,000B7518
00037AB0,23,21,000E0B6C,000E0BC8,000E0C1C
00041A94,23,20,000D2D7C,000D2DD8,000D2E28
00041AB8,23,20,000D31C0,000D321C,000D326C
00045680,2,2,000E4720,000E4728,000E4730
00043EA8,2,2,000DC3F8,000DC400,000DC408
000327B0,21,20,000D1CD8,000D1D2C,000D1D7C
00046E94,2,2,000EB19C,000EB1A4,000EB1AC
000562D4,21,16,000B8A20,000B8A74,000B8AB4
00038766,23,21,000E0FE4,000E1040,000E1094
00045ABC,2,2,000E5890,000E5898,000E58A0
00044318,23,20,000DC4D0,000DC52C,000DC57C
00045EE0,23,20,000E7684,000E76E0,000E7730
00045F36,23,10,000BDB50,000BDBAC,000BDBD4
00045F42,23,20,000E7AC8,000E7B24,000E7B74
0004432E,23,20,000DCD58,000DCDB4,000DCE04
00046B08,2,2,000EB0F4,000EB0FC,000EB104
00042B6A,21,16,000B4828,000B487C,000B48BC
0003772C,23,21,000E0B6C,000E0BC8,000E0C1C
00043EF4,2,2,000DC410,000DC418,000DC420
00044B52,13,13,000E1620,000E1654,000E1688
00044B7C,21,20,000E1BC8,000E1C1C,000E1C6C
00045B76,23,20,000E58A8,000E5904,000E5954
00045B8C,23,20,000E6130,000E618C,000E61DC
00045344,23,20,000E3908,000E3964,000E39B4
00044778,23,20,000DE2AC,000DE308,000DE358
000447A6,23,20,000DE6F0,000DE74C,000DE79C
000447D4,23,20,000DEB34,000DEB90,000DEBE0
000447FA,23,20,000DEF78,000DEFD4,000DF024
000373EC,23,11,000EC428,000EC484,000EC4B0
00037448,23,11,000ED848,000ED8A4,000ED8D0
00081F74,2,2,000AB010,000AB018,000AB020
00081F98,2,2,000AB024,000AB02C,000AB034
00046B54,2,2,000EB10C,000EB114,000EB11C
00055390,21,16,000B4B5C,000B4BB0,000B4BF0
00045390,23,20,000E3D4C,000E3DA8,000E3DF8
000453B4,23,20,000E4190,000E41EC,000E423C
000437A8,2,2,000D9BB4,000D9BBC,000D9BC4
0003702E,23,21,000E0FE4,000E1040,000E1094
00056BAA,21,16,000BCE80,000BCED4,000BCF14
0003781C,23,21,000E0B6C,000E0BC8,000E0C1C
00045FD6,23,20,000E7F0C,000E7F68,000E7FB8
000457CE,23,20,000E4738,000E4794,000E47E4
00046004,23,20,000E8350,000E83AC,000E83FC
00055FC8,21,16,000B78B0,000B7904,000B7944
00046032,23,20,000E8794,000E87F0,000E8840
00046058,23,20,000E8BD8,000E8C34,000E8C84
00056BEC,21,16,000BDDA0,000BDDF4,000BDE34
0003889A,23,21,000E0FE4,000E1040,000E1094
0003C906,2,2,000C5D10,000C5D18,000C5D20
0003E934,17,11,000C819C,000C81E0,000C820C
0003C430,14,6,000C470C,000C4744,000C475C
0003C44E,14,6,000C470C,000C4744,000C475C
0003C988,14,16,000C7D40,000C7D78,000C7DB8
0003C836,14,49,000C76E8,000C7720,000C77E4
0003C88C,17,35,000C5798,000C57DC,000C5868
0003D272,12,6,000C80C4,000C80F4,000C810C
0003C978,12,10,000C5508,000C5538,000C5560
00038268,13,11,000EDBC8,000EDBFC,000EDC28
00038292,13,11,000EE7C8,000EE7FC,000EE828
000382C0,13,5,000EE948,000EE97C,000EE990
0003F65C,26,11,000C4E24,000C4E8C,000C4EB8
0003F578,26,11,000C4E24,000C4E8C,000C4EB8
0003AF38,10,10,000F89C4,000F89EC,000F8A14
0003AF46,10,10,000F8BA4,000F8BCC,000F8BF4
0003442C,14,15,000DBE68,000DBEA0,000DBEDC
0003443A,14,15,000DBE68,000DBEA0,000DBEDC
00034446,14,15,000DBE68,000DBEA0,000DBEDC
00034450,14,15,000DBE68,000DBEA0,000DBEDC
0003446E,14,15,000DBE68,000DBEA0,000DBEDC
0003447C,14,15,000DBE68,000DBEA0,000DBEDC
0003449A,26,14,000DC080,000DC0E8,000DC120
00033822,15,11,000DBCB4,000DBCF0,000DBD1C
0003382E,15,11,000DBB00,000DBB3C,000DBB68
0003383A,15,11,000DB798,000DB7D4,000DB800
000338FA,15,11,000DB150,000DB18C,000DB1B8
00033CF8,26,17,000AE6D0,000AE738,000AE77C
00033A92,15,7,000DAE70,000DAEAC,000DAEC8
00033AB4,15,7,000B5A84,000B5AC0,000B5ADC
00033AE0,15,7,000B5958,000B5994,000B59B0
00033AA6,15,7,000DB66C,000DB6A8,000DB6C4
000338D6,15,11,000DB4B8,000DB4F4,000DB520
000338E2,15,11,000DB304,000DB340,000DB36C
000338EE,15,11,000DAF9C,000DAFD8,000DB004
