Wrapper_Addr,Curve_Data_Addr,Target_RAM_Var,Potential_DTC_Func
0003BFA0,000A85F8,FFFF2846,FUN_00082a22
00067768,000A6154,FFFF9160,FUN_00069720
00079880,000A8810,FFFF78AC,FUN_000320a0
0004C8CA,000A824C,FFFF4C4F,FUN_00024bac
0004C8D4,000A5154,FFFF4C4F,FUN_00024bac
0004C972,000A5238,FFFF4C4F,FUN_00024bac
0004C992,000A51C0,FFFF4C4F,FUN_00024bac
00059910,000A8948,FFFF4D48,FUN_0002d2b0
0007AA14,000A5F20,FFFFA568,FUN_00080a38
0006998A,000A3E98,FFFF4FC8,FUN_000868c0
0007DAD6,000A2558,FFFFA794,FUN_0007ce30
0003A9A2,000A9410,FFFF4DC0,FUN_00040c18
000749DA,000A48C0,FFFF4CF8,FUN_0003f982
000749E6,000A48D4,FFFF4CF8,FUN_0003f982
000569B2,000A2C10,FFFF4CF8,FUN_0003f982
00038990,000A9094,FFFF4CF8,FUN_0003f982
000569BC,000A2C38,FFFF4CF8,FUN_0003f982
000569C6,000A2C60,FFFF4CF8,FUN_0003f982
000469C4,000A8A88,FFFF7C74,FUN_00045004
000329D0,000A7544,FFFF4D48,FUN_0002d2b0
000849F2,000A3808,FFFF4DC0,FUN_00040c18
000469EC,000A8B34,FFFF7C78,FUN_00045004
00055A4A,000A295C,FFFF4CF8,FUN_0003f982
00055A54,000A2984,FFFF4CF8,FUN_0003f982
00055A5E,000A29AC,FFFF4CF8,FUN_0003f982
00068A7E,000A503C,FFFF85A4,FUN_000568b4
00068A8A,000A500C,FFFF85A4,FUN_000568b4
00080A70,000A2618,FFFFA74C,FUN_0007cfde
00080A7E,000A40D0,FFFFA74C,FUN_0007cfde
00036A60,000A7244,FFFF4CF8,FUN_0003f982
00081A94,000A65C4,FFFF4D98,FUN_0003ee0a
00039B6E,000A690C,FFFF6B80,FUN_0003bc14
00039B7A,000A6960,FFFF6B80,FUN_0003bc14
0007ABB0,000A5EAC,FFFFA578,FUN_0007c8a8
00021B52,000A3BB0,FFFF3DEC,FUN_00021f58
00032B44,000A7660,FFFF4D48,FUN_0002d2b0
00056B46,000A2C88,FFFF4CF8,FUN_0003f982
00056B50,000A2CB0,FFFF4CF8,FUN_0003f982
00056B5A,000A2CD8,FFFF4CF8,FUN_0003f982
00080B82,000A4C14,FFFF4DC0,FUN_00040c18
00069B9A,000A547C,FFFF8350,FUN_000064f8
00046B8E,000A5714,FFFF9124,FUN_00047b84
0002DBA0,000A9B5C,FFFF669C,FUN_0004f2d2
00084BA2,000A3FD0,FFFF7F80,FUN_00039ae4
00084BAE,000A3F90,FFFF7F80,FUN_00039ae4
0007DBA4,000A3AC0,FFFFB75C,FUN_0007cfc0
00080BE6,000A6448,FFFF4C60,FUN_000508a2
00037BE2,000A8CB4,FFFF4CF8,FUN_0003f982
00084C32,000A2E88,FFFFBA64,FUN_00084dd0
00084CB6,000A2EAC,FFFFBA64,FUN_00084dd0
00069C0A,000A3DB0,FFFF8470,FUN_000868c0
00069C14,000A3E38,FFFF8470,FUN_000868c0
00069C1E,000A3DF4,FFFF8470,FUN_000868c0
00044C2C,000A8764,FFFF6464,FUN_00080dc8
00081C5C,000A6248,FFFFB840,FUN_00025650
0002ECE2,000A6EE8,FFFF8330,FUN_0002edb4
0002ECEC,000A6F38,FFFF8330,FUN_0002edb4
0002ED0C,000A6E98,FFFF8330,FUN_0002edb4
00055CE8,000A8118,FFFF86A4,FUN_00056540
0007DD82,000A3A9C,FFFFA88C,FUN_00049478
00036CCC,000A729C,FFFF4DC0,FUN_00040c18
00046D1A,000A5730,FFFF9124,FUN_00046b70
00036D24,000A72F4,FFFF4CF8,FUN_0003f982
00082D82,000A388C,FFFF6778,FUN_00037330
00082DC0,000A38CC,FFFF6778,FUN_00037330
00054D6A,000A4790,FFFF85A4,FUN_000568b4
00054D76,000A4760,FFFF85A4,FUN_000568b4
00086DA4,000A82E4,FFFF64E0,FUN_000334f6
00036D5C,000A734C,FFFF4CF8,FUN_0003f982
00086DD2,000A83AC,FFFF64E0,FUN_000334f6
00033E56,000A6D9C,FFFF4D48,FUN_0002d2b0
000330A6,000A6704,FFFF4C04,FUN_00086d2c
000330AE,000A677C,FFFF4C04,FUN_00086d2c
000330B6,000A67F4,FFFF4C04,FUN_00086d2c
0003312E,000A685C,FFFF4C04,FUN_00086d2c
00080DA0,000A7180,FFFF9128,FUN_0005a30c
0002EDF8,000A47C8,FFFF4DE8,FUN_00079830
0002EE18,000A4804,FFFF4DE8,FUN_00079830
0002EE22,000A4840,FFFF4DE8,FUN_00079830
0002EF38,000A6FD8,FFFF4DE8,FUN_00079830
0002EF48,000A6F88,FFFF4DE8,FUN_00079830
00036E10,000A8900,FFFF9128,FUN_0005a30c
0002F044,000A7028,FFFF4DE8,FUN_00079830
00055DE8,000A4F64,FFFF4F58,FUN_00055ae8
00055DFA,000A4F24,FFFF4F58,FUN_00055ae8
00053E60,000A50C0,FFFF4F58,FUN_00055ae8
0007DF10,000A73A0,FFFFA6C4,FUN_0007dbe8
0007DF32,000A73F0,FFFFA6C4,FUN_0007dbe8
0007DF7C,000A7474,FFFFA6C4,FUN_0007dbe8
0003FE94,000A285C,FFFF7768,FUN_00044a70
00039F2C,000A90DC,FFFF4DE8,FUN_00079830
00039FA4,000A9218,FFFF4DE8,FUN_00079830
00039FC6,000A9258,FFFF4DE8,FUN_00079830
00046ECE,000A573C,FFFF9124,FUN_00046b70
0003BEE4,000A97D8,FFFF4DE8,FUN_00079830
0003BEFE,000A9828,FFFF4DE8,FUN_00079830
00042F2C,000A79DC,FFFF4DC0,FUN_00040c18
0007AEE8,000A5EE8,FFFF4C80,FUN_0002b410
00043F2E,000A4EB8,FFFF9124,FUN_00046b70
00035F84,000A3CF0,FFFF4CF8,FUN_0003f982
00035FD8,000A3D34,FFFF4CF8,FUN_0003f982
00035FF6,000A259C,FFFF4CF8,FUN_0003f982
00037FB6,000A8DE4,FFFF669C,FUN_0004f2d2
000380A4,000A8D8C,FFFF669C,FUN_0004f2d2
0007D040,000A24F8,FFFFB75C,FUN_0007cfc0
0007D064,000A249C,FFFFB75C,FUN_0007cfc0
00053034,000A404C,FFFF85A4,FUN_000568b4
0005304E,000A4090,FFFF85A4,FUN_000568b4
0007D07C,000A245C,FFFFB75C,FUN_0007cfc0
0007D0A2,000A3B24,FFFFB75C,FUN_0007cfc0
000440BE,000A4ED4,FFFF9124,FUN_00046b70
0003B2B4,000A9550,FFFF4CF8,FUN_0003f982
0003B2BE,000A95F0,FFFF4CF8,FUN_0003f982
0003B2C8,000A59C0,FFFF4CF8,FUN_0003f982
0003B2D2,000A59FC,FFFF4CF8,FUN_0003f982
000470F8,000A9AB4,FFFF7FE9,FUN_0005b00a
00047104,000A9AEC,FFFF7FE9,FUN_0005b00a
000420EC,000A7854,FFFF78C8,FUN_000383fc
000560FA,000A29D4,FFFF4CF8,FUN_0003f982
00056104,000A29FC,FFFF4CF8,FUN_0003f982
0005610E,000A2A24,FFFF4CF8,FUN_0003f982
00048174,000A5FF8,FFFF4CF8,FUN_0003f982
0004817E,000A6098,FFFF4CF8,FUN_0003f982
00048208,000A6048,FFFF4CF8,FUN_0003f982
00081194,000A7584,FFFF69D8,FUN_00039e9c
0003A184,000A91A0,FFFF78BC,FUN_0003a962
00055182,000A2A4C,FFFF4CF8,FUN_0003f982
0005518C,000A2A74,FFFF4CF8,FUN_0003f982
00055196,000A2A9C,FFFF4CF8,FUN_0003f982
000581B4,000A6520,FFFF4244,FUN_00076b98
000581C0,000A6550,FFFF4244,FUN_00076b98
000451E8,000A81E0,FFFF7B50,FUN_0004049c
0003A246,000A9170,FFFF4DE8,FUN_00079830
00075208,000A70AC,FFFF4DE8,FUN_00079830
0004424E,000A4EE0,FFFF9124,FUN_00046b70
00046300,000A89DC,FFFF4DC0,FUN_00040c18
000252CC,000A5CC4,FFFF4220,FUN_0004f2d2
000252D6,000A5D1C,FFFF4220,FUN_0004f2d2
000252E0,000A5D74,FFFF4220,FUN_0004f2d2
000252EA,000A5DCC,FFFF4220,FUN_0004f2d2
000552DA,000A2780,FFFF4CF8,FUN_0003f982
000552E4,000A27A8,FFFF4CF8,FUN_0003f982
000552EE,000A27D0,FFFF4CF8,FUN_0003f982
0007E3CE,000A9898,FFFFA6C4,FUN_0007dbe8
0002E390,000A6CDC,FFFF78AC,FUN_000320a0
0002B3B0,000A6308,FFFF4C0C,FUN_00025650
0002B3DC,000A63C8,FFFF4C10,FUN_00025650
000463D6,000A8A18,FFFF92E0,FUN_00047d6c
0004A440,000A64B8,FFFF7EA8,FUN_00049bb0
000434AA,000A2F94,FFFF669C,FUN_0004f2d2
000434FA,000A31C4,FFFF669C,FUN_0004f2d2
000434BE,000A3020,FFFF669C,FUN_0004f2d2
000434D0,000A30AC,FFFF669C,FUN_0004f2d2
000434E2,000A3138,FFFF669C,FUN_0004f2d2
000494E0,000A4874,FFFF7DD0,FUN_000490f0
000494FE,000A485C,FFFF7DD0,FUN_000490f0
0004950A,000A4868,FFFF7DD0,FUN_000490f0
000497E8,000A48A0,FFFF7DD0,FUN_000490f0
0003A502,000A9110,FFFF78BC,FUN_0003a962
0003A51E,000A9140,FFFF78BC,FUN_0003a962
000564B8,000A27F8,FFFF4FA8,FUN_0007bd46
000554CE,000A2894,FFFF4CF8,FUN_0003f982
000554D8,000A28BC,FFFF4CF8,FUN_0003f982
000554E2,000A28E4,FFFF4CF8,FUN_0003f982
00024504,000A52C0,FFFF4CF8,FUN_0003f982
00032502,000A74FC,FFFF77C8,FUN_00044fd4
0004B4FC,000A3A54,FFFF7F94,FUN_0004b516
0004B508,000A39C8,FFFF7F94,FUN_0004b516
0007E5D0,000A5E20,FFFFA6C4,FUN_0007dbe8
0007E5F2,000A5E70,FFFFA6C4,FUN_0007dbe8
00067606,000A8888,FFFF9130,FUN_00067490
0003A644,000A3794,FFFF4DC0,FUN_00040c18
0003A664,000A590C,FFFF4DC0,FUN_00040c18
0003A684,000A5948,FFFF4DC0,FUN_00040c18
0003A6B0,000A9398,FFFF4DC0,FUN_00040c18
0003A6D0,000A9348,FFFF4DC0,FUN_00040c18
0003A76C,000A9300,FFFF4DC0,FUN_00040c18
0003A798,000A92C0,FFFF4DC0,FUN_00040c18
0003A920,000A928C,FFFF4DC0,FUN_00040c18
0004C628,000A53CC,FFFF4CF8,FUN_0003f982
00057672,000A5F60,FFFF4DE8,FUN_00079830
0005767E,000A5FB0,FFFF4DE8,FUN_00079830
0007A68C,000A2E5C,FFFF4DE8,FUN_00079830
0003B674,000A5A38,FFFF6A9C,FUN_0003aec4
0003B690,000A9668,FFFF6A9C,FUN_0003aec4
0004369E,000A7A64,FFFF8218,FUN_00050320
000566C6,000A2B98,FFFF4CF8,FUN_0003f982
000566D0,000A2BC0,FFFF4CF8,FUN_0003f982
000566DA,000A2BE8,FFFF4CF8,FUN_0003f982
0003B804,000A5A6C,FFFF4CF8,FUN_0003f982
0003B824,000A37CC,FFFF4CF8,FUN_0003f982
0003B844,000A5AA4,FFFF4CF8,FUN_0003f982
0003B87C,000A9788,FFFF4CF8,FUN_0003f982
0003B89C,000A96F0,FFFF4CF8,FUN_0003f982
0003B8BC,000A96B0,FFFF4CF8,FUN_0003f982
0003B8FC,000A9738,FFFF4CF8,FUN_0003f982
0007A718,000A393C,FFFF78AC,FUN_000320a0
00057706,000A3D70,FFFF4E28,FUN_00083d50
000227B6,000A2E20,FFFF3DEC,FUN_00021f58
00053718,000A4AD8,FFFF8354,FUN_000539d8
00081868,000A9BEC,FFFFA568,FUN_0007a918
00081870,000A9BC4,FFFFA568,FUN_0007a918
00081884,000A9B9C,FFFFA568,FUN_0007a918
0002D7B8,000A5B6C,FFFF4CF8,FUN_0003f982
0002D7C4,000A5B28,FFFF4CF8,FUN_0003f982
00084896,000A3844,FFFF4DC0,FUN_00040c18
000487EC,000A69D8,FFFF4CF8,FUN_0003f982
000487F8,000A6A78,FFFF4CF8,FUN_0003f982
000547D0,000A5BA4,FFFF78AC,FUN_000320a0
000547DC,000A5BD4,FFFF78AC,FUN_000320a0
000867A0,000A23CC,FFFF4CF8,FUN_0003f982
000867AC,000A2430,FFFF4CF8,FUN_0003f982
00056812,000A2D00,FFFF4CF8,FUN_0003f982
0005681C,000A2D28,FFFF4CF8,FUN_0003f982
00056826,000A2D50,FFFF4CF8,FUN_0003f982
0002E910,000A664C,FFFF522C,FUN_0002edb4
0002E91C,000A66A0,FFFF522C,FUN_0002edb4
00032C20,000A77B8,FFFF6460,FUN_00032b6c
0007D85C,000A3B84,FFFFB018,FUN_0007d678
0006E470,000A5534,FFFF78AC,FUN_000320a0
0004703C,000A8EE8,FFFF41E4,FUN_00075128
0006E490,000A55AC,FFFF78AC,FUN_000320a0
0006E4B0,000A5570,FFFF78AC,FUN_000320a0
00047068,000A8F68,FFFF7788,FUN_00032be0
00047098,000A8FE8,FFFF7CE0,FUN_00046ffc
00044D30,000A87BC,FFFF4CF8,FUN_0003f982
00043904,000A4E40,FFFF78AC,FUN_000320a0
00043924,000A4E7C,FFFF78AC,FUN_000320a0
00043944,000A4E04,FFFF78AC,FUN_000320a0
00046570,000A569C,FFFF78AC,FUN_000320a0
00046590,000A56D8,FFFF78AC,FUN_000320a0
000465B0,000A5660,FFFF78AC,FUN_000320a0
0003E380,000A6D60,FFFF4254,FUN_00083014
0004468E,000A4FD8,FFFF78AC,FUN_000320a0
000446AE,000A4F9C,FFFF78AC,FUN_000320a0
000446EE,000A8180,FFFF78AC,FUN_000320a0
00041AA0,000A4CE0,FFFF78AC,FUN_000320a0
00041AC4,000A4D1C,FFFF78AC,FUN_000320a0
0003EF38,000A4B50,FFFF74D4,FUN_0005a984
0003EF44,000A4BA4,FFFF74D4,FUN_0005a984
00045EEE,000A5624,FFFF78AC,FUN_000320a0
00045F0E,000A55E8,FFFF78AC,FUN_000320a0
00045F4C,000A8990,FFFF78AC,FUN_000320a0
00044B5E,000A86E4,FFFF67E0,FUN_00037d70
00044B86,000A8724,FFFF67E0,FUN_00037d70
0004539C,000A54BC,FFFF78AC,FUN_000320a0
000453C0,000A54F8,FFFF78AC,FUN_000320a0
00032BB4,000A76B8,FFFF41E4,FUN_00075128
00032BE8,000A7738,FFFF7788,FUN_00047060
0003C210,000A3EF4,FFFF6BA0,FUN_00058d90
0003C21C,000A3F48,FFFF6BA0,FUN_00058d90
0003F276,000A6C24,FFFF4CF8,FUN_0003f982
0003F280,000A6C7C,FFFF4CF8,FUN_0003f982
0003F208,000A40F8,FFFF4CF8,FUN_0003f982
00038272,000A8E7C,FFFF4C30,FUN_00037330
000382E8,000A2D60,FFFF4C30,FUN_00037330
0003F558,000A4340,FFFF4CF8,FUN_0003f982
0003F8A0,000A6AE0,FFFF4CF8,FUN_0003f982
0003F8AC,000A4428,FFFF4CF8,FUN_0003f982
0003F7F0,000A6B74,FFFF4CF8,FUN_0003f982
0003F7FA,000A6BCC,FFFF4CF8,FUN_0003f982
0003F56C,000A43DC,FFFF4CF8,FUN_0003f982
0003F594,000A2630,FFFF4CF8,FUN_0003f982
0003AF52,000A9488,FFFF675C,FUN_0003ae8c
0003AF5E,000A94D8,FFFF675C,FUN_0003ae8c
0005967A,000A78D4,FFFF8A7C,FUN_00057e60
00033750,000A7C20,FFFF641C,FUN_0002c0c8
0003375A,000A7C70,FFFF641C,FUN_0002c0c8
00033788,000A7ACC,FFFF641C,FUN_0002c0c8
00033792,000A7B44,FFFF641C,FUN_0002c0c8
0003379C,000A7BBC,FFFF641C,FUN_0002c0c8
00033816,000A804C,FFFF641C,FUN_0002c0c8
000339A0,000A7F08,FFFF641C,FUN_0002c0c8
00033A76,000A7DC4,FFFF641C,FUN_0002c0c8
00033A80,000A7E3C,FFFF641C,FUN_0002c0c8
00033B68,000A7F5C,FFFF641C,FUN_0002c0c8
00033B7A,000A7FD4,FFFF641C,FUN_0002c0c8
00033A1E,000A7CD4,FFFF641C,FUN_0002c0c8
00033A28,000A7D4C,FFFF641C,FUN_0002c0c8
000338CA,000A7EB4,FFFF641C,FUN_0002c0c8
