Location,Label,Code Unit,Context
00021b52,,jsr r3=>FUN_00008070,COMPUTED_CALL
00021c48,PTR_FUN_00021c48,addr FUN_00008070,DATA
000227b6,,jsr r3=>FUN_00008070,COMPUTED_CALL
000227c6,,jsr r3=>FUN_00008070,COMPUTED_CALL
22864,PTR_FUN_00022864,addr FUN_00008070,DATA
24504,,jsr r1=>FUN_00008070,COMPUTED_CALL
24600,PTR_FUN_00024600,addr FUN_00008070,DATA
000252cc,,jsr r14=>FUN_00008070,COMPUTED_CALL
000252d6,,jsr r14=>FUN_00008070,COMPUTED_CALL
252,,jsr r14=>FUN_00008070,COMPUTED_CALL
000252ea,,jsr r14=>FUN_00008070,COMPUTED_CALL
25450,PTR_FUN_00025450,addr FUN_00008070,DATA
0002b3b0,,jsr r2=>FUN_00008070,COMPUTED_CALL
0002b3c8,PTR_FUN_0002b3c8,addr FUN_00008070,DATA
0002b3dc,,jsr r2=>FUN_00008070,COMPUTED_CALL
0002b3f4,PTR_FUN_0002b3f4,addr FUN_00008070,DATA
0002cc3e,,jsr r3=>FUN_00008070,COMPUTED_CALL
0002ce54,PTR_FUN_0002ce54,addr FUN_00008070,DATA
0002d7b8,,jsr r3=>FUN_00008070,COMPUTED_CALL
0002d7c4,,jsr r3=>FUN_00008070,COMPUTED_CALL
0002d8d0,PTR_FUN_0002d8d0,addr FUN_00008070,DATA
0002dba0,,jsr r3=>FUN_00008070,COMPUTED_CALL
0002dc78,PTR_FUN_0002dc78,addr FUN_00008070,DATA
"1,79769313486232E+308",,jsr r3=>FUN_00008070,COMPUTED_CALL
"1,79769313486232E+308",PTR_FUN_0002e460,addr FUN_00008070,DATA
"1,79769313486232E+308",,jsr r3=>FUN_00008070,COMPUTED_CALL
0002e91c,,jsr r3=>FUN_00008070,COMPUTED_CALL
0002ea04,PTR_FUN_0002ea04,addr FUN_00008070,DATA
0002ece2,,jsr r12=>FUN_00008070,COMPUTED_CALL
0002ecec,,jsr r12=>FUN_00008070,COMPUTED_CALL
0002ed0c,,jsr r12=>FUN_00008070,COMPUTED_CALL
0002ed7c,PTR_FUN_0002ed7c,addr FUN_00008070,DATA
0002edf8,,jsr r11=>FUN_00008070,COMPUTED_CALL
0002ee18,,jsr r11=>FUN_00008070,COMPUTED_CALL
0002ee22,,jsr r11=>FUN_00008070,COMPUTED_CALL
0002ef38,,jsr r11=>FUN_00008070,COMPUTED_CALL
0002ef48,,jsr r11=>FUN_00008070,COMPUTED_CALL
0002ef94,PTR_FUN_0002ef94,addr FUN_00008070,DATA
0002f044,,jsr r11=>FUN_00008070,COMPUTED_CALL
32502,,jsr r3=>FUN_00008070,COMPUTED_CALL
32654,PTR_FUN_00032654,addr FUN_00008070,DATA
000329d0,,jsr r2=>FUN_00008070,COMPUTED_CALL
00032abc,PTR_FUN_00032abc,addr FUN_00008070,DATA
00032b44,,jsr r3=>FUN_00008070,COMPUTED_CALL
00032b60,PTR_FUN_00032b60,addr FUN_00008070,DATA
00032bb4,,jsr r3=>FUN_00008070,COMPUTED_CALL
00032bd4,PTR_FUN_00032bd4,addr FUN_00008070,DATA
00032be8,,jsr r3=>FUN_00008070,COMPUTED_CALL
00032c08,PTR_FUN_00032c08,addr FUN_00008070,DATA
00032c20,,jsr r3=>FUN_00008070,COMPUTED_CALL
00032c40,PTR_FUN_00032c40,addr FUN_00008070,DATA
000330a6,,jsr r11=>FUN_00008070,COMPUTED_CALL
000330ae,,jsr r11=>FUN_00008070,COMPUTED_CALL
000330b6,,jsr r11=>FUN_00008070,COMPUTED_CALL
0003312e,,jsr r11=>FUN_00008070,COMPUTED_CALL
000331c8,PTR_FUN_000331c8,addr FUN_00008070,DATA
000332a6,,jsr r2=>FUN_00008070,COMPUTED_CALL
33424,PTR_FUN_00033424,addr FUN_00008070,DATA
33750,,jsr r13=>FUN_00008070,COMPUTED_CALL
0003375a,,jsr r13=>FUN_00008070,COMPUTED_CALL
33788,,jsr r13=>FUN_00008070,COMPUTED_CALL
33792,,jsr r13=>FUN_00008070,COMPUTED_CALL
0003379c,,jsr r13=>FUN_00008070,COMPUTED_CALL
33816,,jsr r13=>FUN_00008070,COMPUTED_CALL
0003384c,PTR_FUN_0003384c,addr FUN_00008070,DATA
000338ca,,jsr r13=>FUN_00008070,COMPUTED_CALL
000339a0,,jsr r13=>FUN_00008070,COMPUTED_CALL
00033a1e,,jsr r13=>FUN_00008070,COMPUTED_CALL
00033a28,,jsr r13=>FUN_00008070,COMPUTED_CALL
00033a76,,jsr r13=>FUN_00008070,COMPUTED_CALL
00033a80,,jsr r13=>FUN_00008070,COMPUTED_CALL
00033b68,,jsr r13=>FUN_00008070,COMPUTED_CALL
00033b7a,,jsr r13=>FUN_00008070,COMPUTED_CALL
"3,3E+057",,jsr r1=>FUN_00008070,COMPUTED_CALL
00033f04,PTR_FUN_00033f04,addr FUN_00008070,DATA
000340a4,,jsr r2=>FUN_00008070,COMPUTED_CALL
000340b8,PTR_FUN_000340b8,addr FUN_00008070,DATA
000340c8,,jsr r2=>FUN_00008070,COMPUTED_CALL
000340dc,PTR_FUN_000340dc,addr FUN_00008070,DATA
00035f84,,jsr r12=>FUN_00008070,COMPUTED_CALL
00035fd8,,jsr r12=>FUN_00008070,COMPUTED_CALL
00035ff6,,jsr r12=>FUN_00008070,COMPUTED_CALL
000360d8,PTR_FUN_000360d8,addr FUN_00008070,DATA
00036a60,,jsr r3=>FUN_00008070,COMPUTED_CALL
00036a7c,PTR_FUN_00036a7c,addr FUN_00008070,DATA
00036ccc,,jsr r3=>FUN_00008070,COMPUTED_CALL
00036ce8,PTR_FUN_00036ce8,addr FUN_00008070,DATA
00036d24,,jsr r3=>FUN_00008070,COMPUTED_CALL
00036d48,PTR_FUN_00036d48,addr FUN_00008070,DATA
00036d5c,,jsr r3=>FUN_00008070,COMPUTED_CALL
00036d78,PTR_FUN_00036d78,addr FUN_00008070,DATA
360000000000,,jsr r3=>FUN_00008070,COMPUTED_CALL
00036f4c,PTR_FUN_00036f4c,addr FUN_00008070,DATA
00037be2,,jsr r3=>FUN_00008070,COMPUTED_CALL
00037c18,PTR_FUN_00037c18,addr FUN_00008070,DATA
00037fb6,,jsr r3=>FUN_00008070,COMPUTED_CALL
000380a4,,jsr r2=>FUN_00008070,COMPUTED_CALL
38164,PTR_FUN_00038164,addr FUN_00008070,DATA
38272,,jsr r3=>FUN_00008070,COMPUTED_CALL
38200000000,,jsr r3=>FUN_00008070,COMPUTED_CALL
000383b0,PTR_FUN_000383b0,addr FUN_00008070,DATA
38990,,jsr r2=>FUN_00008070,COMPUTED_CALL
000389a8,PTR_FUN_000389a8,addr FUN_00008070,DATA
00038c14,,jsr r3=>FUN_00008070,COMPUTED_CALL
00038c44,PTR_FUN_00038c44,addr FUN_00008070,DATA
00039b6e,,jsr r2=>FUN_00008070,COMPUTED_CALL
00039b7a,,jsr r3=>FUN_00008070,COMPUTED_CALL
00039cd8,PTR_FUN_00039cd8,addr FUN_00008070,DATA
00039f2c,,jsr r10=>FUN_00008070,COMPUTED_CALL
00039fa4,,jsr r10=>FUN_00008070,COMPUTED_CALL
00039fc6,,jsr r10=>FUN_00008070,COMPUTED_CALL
0003a0e4,PTR_FUN_0003a0e4,addr FUN_00008070,DATA
0003a184,,jsr r1=>FUN_00008070,COMPUTED_CALL
0003a246,,jsr r2=>FUN_00008070,COMPUTED_CALL
0003a33c,PTR_FUN_0003a33c,addr FUN_00008070,DATA
0003a502,,jsr r2=>FUN_00008070,COMPUTED_CALL
0003a51e,,jsr r1=>FUN_00008070,COMPUTED_CALL
0003a58c,PTR_FUN_0003a58c,addr FUN_00008070,DATA
0003a644,,jsr r12=>FUN_00008070,COMPUTED_CALL
0003a664,,jsr r12=>FUN_00008070,COMPUTED_CALL
0003a684,,jsr r12=>FUN_00008070,COMPUTED_CALL
0003a6b0,,jsr r12=>FUN_00008070,COMPUTED_CALL
0003a6d0,,jsr r12=>FUN_00008070,COMPUTED_CALL
0003a76c,,jsr r12=>FUN_00008070,COMPUTED_CALL
0003a798,,jsr r12=>FUN_00008070,COMPUTED_CALL
0003a814,PTR_FUN_0003a814,addr FUN_00008070,DATA
0003a920,,jsr r12=>FUN_00008070,COMPUTED_CALL
0003a9a2,,jsr r1=>FUN_00008070,COMPUTED_CALL
0003aa3c,PTR_FUN_0003aa3c,addr FUN_00008070,DATA
0003af52,,jsr r3=>FUN_00008070,COMPUTED_CALL
0003af5e,,jsr r3=>FUN_00008070,COMPUTED_CALL
0003b058,PTR_FUN_0003b058,addr FUN_00008070,DATA
0003b2b4,,jsr r10=>FUN_00008070,COMPUTED_CALL
0003b2be,,jsr r10=>FUN_00008070,COMPUTED_CALL
0003b2c8,,jsr r10=>FUN_00008070,COMPUTED_CALL
0003b2d2,,jsr r10=>FUN_00008070,COMPUTED_CALL
0003b3b4,PTR_FUN_0003b3b4,addr FUN_00008070,DATA
0003b674,,jsr r2=>FUN_00008070,COMPUTED_CALL
0003b690,,jsr r1=>FUN_00008070,COMPUTED_CALL
0003b6ac,PTR_FUN_0003b6ac,addr FUN_00008070,DATA
0003b804,,jsr r13=>FUN_00008070,COMPUTED_CALL
0003b824,,jsr r13=>FUN_00008070,COMPUTED_CALL
0003b844,,jsr r13=>FUN_00008070,COMPUTED_CALL
0003b87c,,jsr r13=>FUN_00008070,COMPUTED_CALL
0003b89c,,jsr r13=>FUN_00008070,COMPUTED_CALL
0003b8bc,,jsr r13=>FUN_00008070,COMPUTED_CALL
0003b8fc,,jsr r13=>FUN_00008070,COMPUTED_CALL
0003b9d8,PTR_FUN_0003b9d8,addr FUN_00008070,DATA
0003bee4,,jsr r1=>FUN_00008070,COMPUTED_CALL
0003befe,,jsr r2=>FUN_00008070,COMPUTED_CALL
0003bf20,PTR_FUN_0003bf20,addr FUN_00008070,DATA
0003bfa0,,jsr r2=>FUN_00008070,COMPUTED_CALL
0003bfc8,PTR_FUN_0003bfc8,addr FUN_00008070,DATA
0003c210,,jsr r3=>FUN_00008070,COMPUTED_CALL
0003c21c,,jsr r3=>FUN_00008070,COMPUTED_CALL
0003c2b4,PTR_FUN_0003c2b4,addr FUN_00008070,DATA
0003c808,,jsr r3=>FUN_00008070,COMPUTED_CALL
0003c94e,LAB_0003c94e,jsr r14=>FUN_000080e4,COMPUTED_CALL
0003c958,,jsr r14=>FUN_00008070,COMPUTED_CALL
0003c9d4,PTR_FUN_0003c9d4,addr FUN_00008070,DATA
"1,79769313486232E+308",,jsr r3=>FUN_00008070,COMPUTED_CALL
"1,79769313486232E+308",PTR_FUN_0003e568,addr FUN_00008070,DATA
0003ef38,,jsr r2=>FUN_00008070,COMPUTED_CALL
0003ef44,,jsr r2=>FUN_00008070,COMPUTED_CALL
0003f0c0,PTR_FUN_0003f0c0,addr FUN_00008070,DATA
0003f208,,jsr r9=>FUN_00008070,COMPUTED_CALL
0003f276,,jsr r9=>FUN_00008070,COMPUTED_CALL
0003f280,,jsr r9=>FUN_00008070,COMPUTED_CALL
0003f328,PTR_FUN_0003f328,addr FUN_00008070,DATA
0003f558,LAB_0003f558,jsr r10=>FUN_00008070,COMPUTED_CALL
0003f56c,,jsr r10=>FUN_00008070,COMPUTED_CALL
0003f594,,jsr r10=>FUN_00008070,COMPUTED_CALL
0003f61c,PTR_FUN_0003f61c,addr FUN_00008070,DATA
0003f7f0,,jsr r10=>FUN_00008070,COMPUTED_CALL
0003f7fa,,jsr r10=>FUN_00008070,COMPUTED_CALL
0003f8a0,,jsr r10=>FUN_00008070,COMPUTED_CALL
0003f8ac,,jsr r10=>FUN_00008070,COMPUTED_CALL
0003fd50,,jsr r3=>FUN_00008070,COMPUTED_CALL
0003fd5c,,jsr r3=>FUN_00008070,COMPUTED_CALL
0003fe50,PTR_FUN_0003fe50,addr FUN_00008070,DATA
0003fe94,,jsr r2=>FUN_00008070,COMPUTED_CALL
0003fea8,PTR_FUN_0003fea8,addr FUN_00008070,DATA
00041aa0,,jsr r2=>FUN_00008070,COMPUTED_CALL
00041ac4,,jsr r2=>FUN_00008070,COMPUTED_CALL
00041b30,PTR_FUN_00041b30,addr FUN_00008070,DATA
000420ec,,jsr r2=>FUN_00008070,COMPUTED_CALL
42100,PTR_FUN_00042100,addr FUN_00008070,DATA
000421ee,,jsr r10=>FUN_00008070,COMPUTED_CALL
0004220e,,jsr r10=>FUN_00008070,COMPUTED_CALL
0004222e,,jsr r10=>FUN_00008070,COMPUTED_CALL
42348,PTR_FUN_00042348,addr FUN_00008070,DATA
000425d0,,jsr r10=>FUN_00008070,COMPUTED_CALL
000425ee,,jsr r10=>FUN_00008070,COMPUTED_CALL
00042f2c,,jsr r3=>FUN_00008070,COMPUTED_CALL
430,PTR_FUN_000430e0,addr FUN_00008070,DATA
000434aa,,jsr r14=>FUN_00008070,COMPUTED_CALL
000434be,,jsr r14=>FUN_00008070,COMPUTED_CALL
000434d0,,jsr r14=>FUN_00008070,COMPUTED_CALL
43400,,jsr r14=>FUN_00008070,COMPUTED_CALL
000434fa,,jsr r14=>FUN_00008070,COMPUTED_CALL
43628,PTR_FUN_00043628,addr FUN_00008070,DATA
0004369e,,jsr r3=>FUN_00008070,COMPUTED_CALL
43704,PTR_FUN_00043704,addr FUN_00008070,DATA
43904,,jsr r13=>FUN_00008070,COMPUTED_CALL
43924,,jsr r13=>FUN_00008070,COMPUTED_CALL
43944,,jsr r13=>FUN_00008070,COMPUTED_CALL
000439c8,PTR_FUN_000439c8,addr FUN_00008070,DATA
00043f2e,,jsr r3=>FUN_00008070,COMPUTED_CALL
00043f74,PTR_FUN_00043f74,addr FUN_00008070,DATA
000440be,,jsr r3=>FUN_00008070,COMPUTED_CALL
44104,PTR_FUN_00044104,addr FUN_00008070,DATA
0004424e,,jsr r3=>FUN_00008070,COMPUTED_CALL
44294,PTR_FUN_00044294,addr FUN_00008070,DATA
0004468e,,jsr r14=>FUN_00008070,COMPUTED_CALL
000446ae,,jsr r14=>FUN_00008070,COMPUTED_CALL
000446ee,,jsr r14=>FUN_00008070,COMPUTED_CALL
44888,PTR_FUN_00044888,addr FUN_00008070,DATA
00044b5e,,jsr r3=>FUN_00008070,COMPUTED_CALL
00044b86,,jsr r2=>FUN_00008070,COMPUTED_CALL
00044c2c,,jsr r2=>FUN_00008070,COMPUTED_CALL
00044c84,PTR_FUN_00044c84,addr FUN_00008070,DATA
00044d30,,jsr r2=>FUN_00008070,COMPUTED_CALL
00044ec8,PTR_FUN_00044ec8,addr FUN_00008070,DATA
45100000000,,jsr r2=>FUN_00008070,COMPUTED_CALL
000451fc,PTR_FUN_000451fc,addr FUN_00008070,DATA
0004539c,,jsr r2=>FUN_00008070,COMPUTED_CALL
000453c0,,jsr r2=>FUN_00008070,COMPUTED_CALL
0004542c,PTR_FUN_0004542c,addr FUN_00008070,DATA
00045eee,,jsr r14=>FUN_00008070,COMPUTED_CALL
00045f0e,,jsr r14=>FUN_00008070,COMPUTED_CALL
00045f4c,,jsr r14=>FUN_00008070,COMPUTED_CALL
46000000000,PTR_FUN_000460e8,addr FUN_00008070,DATA
46300,,jsr r2=>FUN_00008070,COMPUTED_CALL
000463b4,PTR_FUN_000463b4,addr FUN_00008070,DATA
000463d6,,jsr r3=>FUN_00008070,COMPUTED_CALL
000463f4,PTR_FUN_000463f4,addr FUN_00008070,DATA
46570,,jsr r13=>FUN_00008070,COMPUTED_CALL
46590,,jsr r13=>FUN_00008070,COMPUTED_CALL
000465b0,,jsr r13=>FUN_00008070,COMPUTED_CALL
46634,PTR_FUN_00046634,addr FUN_00008070,DATA
000469c4,,jsr r2=>FUN_00008070,COMPUTED_CALL
000469d8,PTR_FUN_000469d8,addr FUN_00008070,DATA
000469ec,,jsr r2=>FUN_00008070,COMPUTED_CALL
00046a00,PTR_FUN_00046a00,addr FUN_00008070,DATA
00046b8e,,jsr r3=>FUN_00008070,COMPUTED_CALL
00046bd4,PTR_FUN_00046bd4,addr FUN_00008070,DATA
00046d1a,,jsr r3=>FUN_00008070,COMPUTED_CALL
00046d60,PTR_FUN_00046d60,addr FUN_00008070,DATA
00046ece,,jsr r3=>FUN_00008070,COMPUTED_CALL
00046f14,PTR_FUN_00046f14,addr FUN_00008070,DATA
0004703c,,jsr r2=>FUN_00008070,COMPUTED_CALL
47058,PTR_FUN_00047058,addr FUN_00008070,DATA
47068,,jsr r2=>FUN_00008070,COMPUTED_CALL
47084,PTR_FUN_00047084,addr FUN_00008070,DATA
47098,,jsr r2=>FUN_00008070,COMPUTED_CALL
000470b4,PTR_FUN_000470b4,addr FUN_00008070,DATA
000470f8,,jsr r3=>FUN_00008070,COMPUTED_CALL
47104,,jsr r3=>FUN_00008070,COMPUTED_CALL
000471a4,PTR_FUN_000471a4,addr FUN_00008070,DATA
48174,,jsr r12=>FUN_00008070,COMPUTED_CALL
0004817e,,jsr r12=>FUN_00008070,COMPUTED_CALL
48208,,jsr r12=>FUN_00008070,COMPUTED_CALL
48344,PTR_FUN_00048344,addr FUN_00008070,DATA
000487ec,,jsr r2=>FUN_00008070,COMPUTED_CALL
000487f8,,jsr r2=>FUN_00008070,COMPUTED_CALL
000488a4,PTR_FUN_000488a4,addr FUN_00008070,DATA
"4,8E+027",,jsr r1=>FUN_00008070,COMPUTED_CALL
00048fd8,PTR_FUN_00048fd8,addr FUN_00008070,DATA
49170,,jsr r3=>FUN_00008070,COMPUTED_CALL
49324,PTR_FUN_00049324,addr FUN_00008070,DATA
494,,jsr r10=>FUN_00008070,COMPUTED_CALL
000494fe,,jsr r10=>FUN_00008070,COMPUTED_CALL
0004950a,,jsr r10=>FUN_00008070,COMPUTED_CALL
49578,PTR_FUN_00049578,addr FUN_00008070,DATA
49700000000,,jsr r10=>FUN_00008070,COMPUTED_CALL
0004a440,,jsr r3=>FUN_00008070,COMPUTED_CALL
0004a4d4,PTR_FUN_0004a4d4,addr FUN_00008070,DATA
0004ac6c,,jsr r12=>FUN_00008070,COMPUTED_CALL
0004ac76,,jsr r12=>FUN_00008070,COMPUTED_CALL
0004ac82,,jsr r12=>FUN_00008070,COMPUTED_CALL
0004ac8e,,jsr r12=>FUN_00008070,COMPUTED_CALL
0004ad4c,PTR_FUN_0004ad4c,addr FUN_00008070,DATA
0004b4fc,,jsr r3=>FUN_00008070,COMPUTED_CALL
0004b508,,jsr r3=>FUN_00008070,COMPUTED_CALL
0004b63c,PTR_FUN_0004b63c,addr FUN_00008070,DATA
0004c628,,jsr r3=>FUN_00008070,COMPUTED_CALL
0004c6a8,PTR_FUN_0004c6a8,addr FUN_00008070,DATA
0004c8ca,,jsr r12=>FUN_00008070,COMPUTED_CALL
0004c8d4,,jsr r12=>FUN_00008070,COMPUTED_CALL
0004c972,,jsr r12=>FUN_00008070,COMPUTED_CALL
0004c992,,jsr r12=>FUN_00008070,COMPUTED_CALL
0004ca40,PTR_FUN_0004ca40,addr FUN_00008070,DATA
53034,,jsr r3=>FUN_00008070,COMPUTED_CALL
0005304e,,jsr r3=>FUN_00008070,COMPUTED_CALL
000531f8,PTR_FUN_000531f8,addr FUN_00008070,DATA
0005356c,,jsr r14=>FUN_00008070,COMPUTED_CALL
53576,,jsr r14=>FUN_00008070,COMPUTED_CALL
000535ac,,jsr r14=>FUN_00008070,COMPUTED_CALL
000535b6,,jsr r14=>FUN_00008070,COMPUTED_CALL
0005360a,,jsr r14=>FUN_00008070,COMPUTED_CALL
53612,,jsr r14=>FUN_00008070,COMPUTED_CALL
53624,,jsr r14=>FUN_00008070,COMPUTED_CALL
0005362c,,jsr r14=>FUN_00008070,COMPUTED_CALL
000536c8,PTR_FUN_000536c8,addr FUN_00008070,DATA
53718,,jsr r1=>FUN_00008070,COMPUTED_CALL
53754,PTR_FUN_00053754,addr FUN_00008070,DATA
53800,,jsr r14=>FUN_00008070,COMPUTED_CALL
53818,,jsr r14=>FUN_00008070,COMPUTED_CALL
53836,,jsr r14=>FUN_00008070,COMPUTED_CALL
53854,,jsr r14=>FUN_00008070,COMPUTED_CALL
53860,,jsr r14=>FUN_00008070,COMPUTED_CALL
53978,PTR_FUN_00053978,addr FUN_00008070,DATA
"5,3E+061",,jsr r2=>FUN_00008070,COMPUTED_CALL
00053fdc,PTR_FUN_00053fdc,addr FUN_00008070,DATA
000542c8,,jsr r2=>FUN_00008070,COMPUTED_CALL
0005436c,PTR_FUN_0005436c,addr FUN_00008070,DATA
000547d0,,jsr r2=>FUN_00008070,COMPUTED_CALL
000547dc,,jsr r2=>FUN_00008070,COMPUTED_CALL
000548f8,PTR_FUN_000548f8,addr FUN_00008070,DATA
00054d6a,,jsr r3=>FUN_00008070,COMPUTED_CALL
00054d76,,jsr r3=>FUN_00008070,COMPUTED_CALL
00054edc,PTR_FUN_00054edc,addr FUN_00008070,DATA
55182,,jsr r14=>FUN_00008070,COMPUTED_CALL
0005518c,,jsr r14=>FUN_00008070,COMPUTED_CALL
55196,,jsr r14=>FUN_00008070,COMPUTED_CALL
000551b4,PTR_FUN_000551b4,addr FUN_00008070,DATA
000552da,,jsr r14=>FUN_00008070,COMPUTED_CALL
5520000,,jsr r14=>FUN_00008070,COMPUTED_CALL
000552ee,,jsr r14=>FUN_00008070,COMPUTED_CALL
0005530c,PTR_FUN_0005530c,addr FUN_00008070,DATA
000554ce,,jsr r14=>FUN_00008070,COMPUTED_CALL
000554d8,,jsr r14=>FUN_00008070,COMPUTED_CALL
55400,,jsr r14=>FUN_00008070,COMPUTED_CALL
55500,PTR_FUN_00055500,addr FUN_00008070,DATA
0005560e,,jsr r14=>FUN_00008070,COMPUTED_CALL
55618,,jsr r14=>FUN_00008070,COMPUTED_CALL
000556fa,,jsr r14=>FUN_00008070,COMPUTED_CALL
55712,,jsr r14=>FUN_00008070,COMPUTED_CALL
000557b0,PTR_FUN_000557b0,addr FUN_00008070,DATA
00055a4a,,jsr r14=>FUN_00008070,COMPUTED_CALL
00055a54,,jsr r14=>FUN_00008070,COMPUTED_CALL
00055a5e,,jsr r14=>FUN_00008070,COMPUTED_CALL
00055ad8,PTR_FUN_00055ad8,addr FUN_00008070,DATA
00055ce8,,jsr r2=>FUN_00008070,COMPUTED_CALL
00055d90,PTR_FUN_00055d90,addr FUN_00008070,DATA
00055de8,,jsr r3=>FUN_00008070,COMPUTED_CALL
00055dfa,,jsr r3=>FUN_00008070,COMPUTED_CALL
00055e5c,PTR_FUN_00055e5c,addr FUN_00008070,DATA
000560fa,,jsr r14=>FUN_00008070,COMPUTED_CALL
56104,,jsr r14=>FUN_00008070,COMPUTED_CALL
0005610e,,jsr r14=>FUN_00008070,COMPUTED_CALL
0005612c,PTR_FUN_0005612c,addr FUN_00008070,DATA
000564b8,,jsr r2=>FUN_00008070,COMPUTED_CALL
56524,PTR_FUN_00056524,addr FUN_00008070,DATA
000566c6,,jsr r14=>FUN_00008070,COMPUTED_CALL
000566d0,,jsr r14=>FUN_00008070,COMPUTED_CALL
000566da,,jsr r14=>FUN_00008070,COMPUTED_CALL
000566f8,PTR_FUN_000566f8,addr FUN_00008070,DATA
56812,,jsr r14=>FUN_00008070,COMPUTED_CALL
0005681c,,jsr r14=>FUN_00008070,COMPUTED_CALL
56826,,jsr r14=>FUN_00008070,COMPUTED_CALL
56844,PTR_FUN_00056844,addr FUN_00008070,DATA
000569b2,,jsr r14=>FUN_00008070,COMPUTED_CALL
000569bc,,jsr r14=>FUN_00008070,COMPUTED_CALL
000569c6,,jsr r14=>FUN_00008070,COMPUTED_CALL
5690000,PTR_FUN_000569e4,addr FUN_00008070,DATA
00056b46,,jsr r14=>FUN_00008070,COMPUTED_CALL
00056b50,,jsr r14=>FUN_00008070,COMPUTED_CALL
00056b5a,,jsr r14=>FUN_00008070,COMPUTED_CALL
00056b78,PTR_FUN_00056b78,addr FUN_00008070,DATA
57672,,jsr r2=>FUN_00008070,COMPUTED_CALL
0005767e,,jsr r2=>FUN_00008070,COMPUTED_CALL
000576cc,PTR_FUN_000576cc,addr FUN_00008070,DATA
57706,,jsr r3=>FUN_00008070,COMPUTED_CALL
57744,PTR_FUN_00057744,addr FUN_00008070,DATA
000581b4,,jsr r3=>FUN_00008070,COMPUTED_CALL
000581c0,,jsr r3=>FUN_00008070,COMPUTED_CALL
0005823c,PTR_FUN_0005823c,addr FUN_00008070,DATA
0005967a,,jsr r3=>FUN_00008070,COMPUTED_CALL
0005971c,PTR_FUN_0005971c,addr FUN_00008070,DATA
59910,,jsr r3=>FUN_00008070,COMPUTED_CALL
59948,PTR_FUN_00059948,addr FUN_00008070,DATA
67606,,jsr r2=>FUN_00008070,COMPUTED_CALL
67720,PTR_FUN_00067720,addr FUN_00008070,DATA
67768,,jsr r2=>FUN_00008070,COMPUTED_CALL
677,PTR_FUN_000677e0,addr FUN_00008070,DATA
00068a7e,,jsr r2=>FUN_00008070,COMPUTED_CALL
00068a8a,,jsr r2=>FUN_00008070,COMPUTED_CALL
00068c10,PTR_FUN_00068c10,addr FUN_00008070,DATA
0006998a,,jsr r2=>FUN_00008070,COMPUTED_CALL
000699c0,PTR_FUN_000699c0,addr FUN_00008070,DATA
00069b9a,,jsr r2=>FUN_00008070,COMPUTED_CALL
00069bd0,PTR_FUN_00069bd0,addr FUN_00008070,DATA
00069c0a,,jsr r14=>FUN_00008070,COMPUTED_CALL
00069c14,,jsr r14=>FUN_00008070,COMPUTED_CALL
00069c1e,,jsr r14=>FUN_00008070,COMPUTED_CALL
00069ca8,PTR_FUN_00069ca8,addr FUN_00008070,DATA
"1,79769313486232E+308",,jsr r13=>FUN_00008070,COMPUTED_CALL
"1,79769313486232E+308",,jsr r13=>FUN_00008070,COMPUTED_CALL
0006e4b0,,jsr r13=>FUN_00008070,COMPUTED_CALL
"1,79769313486232E+308",PTR_FUN_0006e508,addr FUN_00008070,DATA
0007034e,,jsr r3=>FUN_00008070,COMPUTED_CALL
70398,PTR_FUN_00070398,addr FUN_00008070,DATA
000749da,,jsr r3=>FUN_00008070,COMPUTED_CALL
749000000,,jsr r3=>FUN_00008070,COMPUTED_CALL
00074b34,PTR_FUN_00074b34,addr FUN_00008070,DATA
75208,,jsr r1=>FUN_00008070,COMPUTED_CALL
7520000,PTR_FUN_000752e4,addr FUN_00008070,DATA
79880,,jsr r2=>FUN_00008070,COMPUTED_CALL
000798d4,PTR_FUN_000798d4,addr FUN_00008070,DATA
"7,9E+091",,jsr r14=>FUN_00008070,COMPUTED_CALL
"7,9E+099",,jsr r14=>FUN_00008070,COMPUTED_CALL
00079ea0,,jsr r14=>FUN_00008070,COMPUTED_CALL
00079eae,,jsr r14=>FUN_00008070,COMPUTED_CALL
00079eb6,,jsr r14=>FUN_00008070,COMPUTED_CALL
00079ebe,,jsr r14=>FUN_00008070,COMPUTED_CALL
00079ecc,,jsr r14=>FUN_00008070,COMPUTED_CALL
00079ed4,,jsr r14=>FUN_00008070,COMPUTED_CALL
00079edc,,jsr r14=>FUN_00008070,COMPUTED_CALL
00079ee6,LAB_00079ee6,jsr r14=>FUN_00008070,COMPUTED_CALL
00079fe4,PTR_FUN_00079fe4,addr FUN_00008070,DATA
0007a68c,,jsr r1=>FUN_00008070,COMPUTED_CALL
0007a6cc,PTR_FUN_0007a6cc,addr FUN_00008070,DATA
0007a718,,jsr r1=>FUN_00008070,COMPUTED_CALL
0007a7c4,PTR_FUN_0007a7c4,addr FUN_00008070,DATA
0007aa14,,jsr r1=>FUN_00008070,COMPUTED_CALL
0007aaf4,PTR_FUN_0007aaf4,addr FUN_00008070,DATA
0007abb0,,jsr r3=>FUN_00008070,COMPUTED_CALL
0007acd4,PTR_FUN_0007acd4,addr FUN_00008070,DATA
0007aee8,,jsr r2=>FUN_00008070,COMPUTED_CALL
0007aefc,PTR_FUN_0007aefc,addr FUN_00008070,DATA
0007b62a,,jsr r3=>FUN_00008070,COMPUTED_CALL
0007b6bc,PTR_FUN_0007b6bc,addr FUN_00008070,DATA
0007d040,,jsr r14=>FUN_00008070,COMPUTED_CALL
0007d064,LAB_0007d064,jsr r14=>FUN_00008070,COMPUTED_CALL
0007d07c,LAB_0007d07c,jsr r14=>FUN_00008070,COMPUTED_CALL
0007d098,,jsr r14=>FUN_00008070,COMPUTED_CALL
0007d0a2,,jsr r14=>FUN_00008070,COMPUTED_CALL
0007d1f0,PTR_FUN_0007d1f0,addr FUN_00008070,DATA
0007d85c,,jsr r2=>FUN_00008070,COMPUTED_CALL
0007d944,PTR_FUN_0007d944,addr FUN_00008070,DATA
0007dad6,,jsr r2=>FUN_00008070,COMPUTED_CALL
0007db5c,PTR_FUN_0007db5c,addr FUN_00008070,DATA
0007dba4,,jsr r3=>FUN_00008070,COMPUTED_CALL
0007dbd4,PTR_FUN_0007dbd4,addr FUN_00008070,DATA
0007dd82,,jsr r2=>FUN_00008070,COMPUTED_CALL
0007de48,PTR_FUN_0007de48,addr FUN_00008070,DATA
0007df10,,jsr r12=>FUN_00008070,COMPUTED_CALL
0007df32,,jsr r12=>FUN_00008070,COMPUTED_CALL
0007df7c,,jsr r12=>FUN_00008070,COMPUTED_CALL
0007e0cc,PTR_FUN_0007e0cc,addr FUN_00008070,DATA
0007e3ce,,jsr r3=>FUN_00008070,COMPUTED_CALL
"1,79769313486232E+308",PTR_FUN_0007e534,addr FUN_00008070,DATA
0007e5d0,,jsr r12=>FUN_00008070,COMPUTED_CALL
0007e5f2,,jsr r12=>FUN_00008070,COMPUTED_CALL
0007e65c,,jsr r12=>FUN_00008070,COMPUTED_CALL
0007e7b8,PTR_FUN_0007e7b8,addr FUN_00008070,DATA
00080a70,,jsr r3=>FUN_00008070,COMPUTED_CALL
00080a7e,,jsr r3=>FUN_00008070,COMPUTED_CALL
00080b0c,PTR_FUN_00080b0c,addr FUN_00008070,DATA
00080b82,,jsr r2=>FUN_00008070,COMPUTED_CALL
00080bcc,PTR_FUN_00080bcc,addr FUN_00008070,DATA
00080be6,,jsr r1=>FUN_00008070,COMPUTED_CALL
00080c10,PTR_FUN_00080c10,addr FUN_00008070,DATA
00080cb2,,jsr r3=>FUN_00008070,COMPUTED_CALL
00080cbe,,jsr r3=>FUN_00008070,COMPUTED_CALL
00080d74,PTR_FUN_00080d74,addr FUN_00008070,DATA
00080da0,,jsr r2=>FUN_00008070,COMPUTED_CALL
00080db4,PTR_FUN_00080db4,addr FUN_00008070,DATA
81194,,jsr r3=>FUN_00008070,COMPUTED_CALL
81100000000,PTR_FUN_000811e8,addr FUN_00008070,DATA
81868,,jsr r12=>FUN_00008070,COMPUTED_CALL
81870,,jsr r12=>FUN_00008070,COMPUTED_CALL
81884,,jsr r12=>FUN_00008070,COMPUTED_CALL
81934,PTR_FUN_00081934,addr FUN_00008070,DATA
00081a94,,jsr r1=>FUN_00008070,COMPUTED_CALL
00081af0,PTR_FUN_00081af0,addr FUN_00008070,DATA
00081c5c,,jsr r2=>FUN_00008070,COMPUTED_CALL
00081c74,PTR_FUN_00081c74,addr FUN_00008070,DATA
00082d82,,jsr r1=>FUN_00008070,COMPUTED_CALL
00082dc0,,jsr r2=>FUN_00008070,COMPUTED_CALL
00082ee8,PTR_FUN_00082ee8,addr FUN_00008070,DATA
84896,,jsr r3=>FUN_00008070,COMPUTED_CALL
000849a0,PTR_FUN_000849a0,addr FUN_00008070,DATA
000849f2,,jsr r2=>FUN_00008070,COMPUTED_CALL
00084a30,PTR_FUN_00084a30,addr FUN_00008070,DATA
00084ba2,,jsr r1=>FUN_00008070,COMPUTED_CALL
00084bae,,jsr r2=>FUN_00008070,COMPUTED_CALL
00084bd4,PTR_FUN_00084bd4,addr FUN_00008070,DATA
00084c32,,jsr r3=>FUN_00008070,COMPUTED_CALL
00084cb6,,jsr r3=>FUN_00008070,COMPUTED_CALL
00084d6c,PTR_FUN_00084d6c,addr FUN_00008070,DATA
000867a0,,jsr r1=>FUN_00008070,COMPUTED_CALL
000867ac,,jsr r3=>FUN_00008070,COMPUTED_CALL
86878,PTR_FUN_00086878,addr FUN_00008070,DATA
00086da4,,jsr r2=>FUN_00008070,COMPUTED_CALL
00086dd2,,jsr r2=>FUN_00008070,COMPUTED_CALL
00086e6c,PTR_FUN_00086e6c,addr FUN_00008070,DATA
00121c48,,addr FUN_00008070,DATA
0012ce54,,addr FUN_00008070,DATA
0012d8d0,,addr FUN_00008070,DATA
0012ed7c,,addr FUN_00008070,DATA
133424,,addr FUN_00008070,DATA
00133f04,,addr FUN_00008070,DATA
00136ce8,,addr FUN_00008070,DATA
00136d78,,addr FUN_00008070,DATA
00136f4c,,addr FUN_00008070,DATA
001383b0,,addr FUN_00008070,DATA
00139cd8,,addr FUN_00008070,DATA
0013c9d4,,addr FUN_00008070,DATA
0013f0c0,,addr FUN_00008070,DATA
0013f328,,addr FUN_00008070,DATA
0013f61c,,addr FUN_00008070,DATA
0013fe50,,addr FUN_00008070,DATA
0013fea8,,addr FUN_00008070,DATA
143628,,addr FUN_00008070,DATA
00143f74,,addr FUN_00008070,DATA
144104,,addr FUN_00008070,DATA
144294,,addr FUN_00008070,DATA
001451fc,,addr FUN_00008070,DATA
001469d8,,addr FUN_00008070,DATA
00146a00,,addr FUN_00008070,DATA
00146bd4,,addr FUN_00008070,DATA
00146d60,,addr FUN_00008070,DATA
00146f14,,addr FUN_00008070,DATA
001470b4,,addr FUN_00008070,DATA
0014b63c,,addr FUN_00008070,DATA
0014ca40,,addr FUN_00008070,DATA
001536c8,,addr FUN_00008070,DATA
00153fdc,,addr FUN_00008070,DATA
0015436c,,addr FUN_00008070,DATA
00155ad8,,addr FUN_00008070,DATA
156524,,addr FUN_00008070,DATA
157744,,addr FUN_00008070,DATA
167720,,addr FUN_00008070,DATA
1677,,addr FUN_00008070,DATA
001699c0,,addr FUN_00008070,DATA
170398,,addr FUN_00008070,DATA
0017aaf4,,addr FUN_00008070,DATA
0017acd4,,addr FUN_00008070,DATA
0017b6bc,,addr FUN_00008070,DATA
0017d1f0,,addr FUN_00008070,DATA
0017d944,,addr FUN_00008070,DATA
0017dbd4,,addr FUN_00008070,DATA
0017de48,,addr FUN_00008070,DATA
"1,79769313486232E+308",,addr FUN_00008070,DATA
